dataset,dataset_kind,n_samples,n_features,method,params,n_structure_rows,deterministic_structure,structural_repeats_identical,ari_mean,ari_std,nmi_mean,nmi_std,silhouette_mean,silhouette_std,davies_bouldin_mean,davies_bouldin_std,calinski_harabasz_mean,calinski_harabasz_std,n_clusters_excluding_noise_mean,n_clusters_excluding_noise_std,n_noise_mean,n_noise_std,runtime_seconds_mean,runtime_seconds_std,runtime_repeat_std_mean,runtime_repeat_count,selection
aggregation,shape,788,2,classix,"{""engine"":""classix"",""group_merging"":""density"",""minPts"":10,""radius"":0.1}",1,True,True,0.876661678197261,0.0,0.928986255465168,0.0,0.37632756052162086,0.0,0.6347817909382207,0.0,623.581260858031,0.0,6.0,0.0,0.0,0.0,0.02433189598377794,0.0,0.0017117289826273918,2,oracle_max_ari_supplementary
aggregation,shape,788,2,dbscan,"{""eps"":0.2,""min_samples"":10}",1,True,True,0.9097222076744425,0.0,0.9474586019072934,0.0,0.4623387833048385,0.0,0.5748573703934534,0.0,1061.4196677185266,0.0,6.0,0.0,0.0,0.0,0.0038461250078398734,0.0,0.0016726670146454126,2,oracle_max_ari_supplementary
aggregation,shape,788,2,kmeans,"{""init"":""k-means++"",""n_clusters"":6,""n_init"":20}",5,False,,0.7922578192038506,0.0015710848585604744,0.8748719472760283,0.0004787030255011503,0.48072991904064555,0.0001238247467951639,0.7117042301076852,0.00017823939807684608,1307.8970248042397,0.002323224903602267,6.0,0.0,0.0,0.0,0.041994558391161264,0.004362589827526665,0.0,5,oracle_max_ari_supplementary
aggregation,shape,788,2,ward,"{""linkage"":""ward"",""n_clusters"":7}",1,True,True,0.8018873039381645,0.0,0.9003890226911717,0.0,0.4456446500640389,0.0,0.7105435289947482,0.0,1184.8092338163635,0.0,7.0,0.0,0.0,0.0,0.013793854013783857,0.0,0.006763229001080617,2,oracle_max_ari_supplementary
compound,shape,399,2,classix,"{""engine"":""classix"",""group_merging"":""density"",""minPts"":1,""radius"":0.2}",1,True,True,0.7969788673747236,0.0,0.7618076333957754,0.0,0.2809283443192508,0.0,0.5305373396056385,0.0,94.6075770385675,0.0,28.0,0.0,0.0,0.0,0.011607458494836465,0.0,0.003239666490117088,2,oracle_max_ari_supplementary
compound,shape,399,2,dbscan,"{""eps"":0.2,""min_samples"":3}",1,True,True,0.9363134876682937,0.0,0.9098836661525694,0.0,0.12912257336850355,0.0,4.164757936589074,0.0,421.09212974544613,0.0,6.0,0.0,55.0,0.0,0.0013977290072944015,0.0,0.0003038120048586279,2,oracle_max_ari_supplementary
compound,shape,399,2,kmeans,"{""init"":""k-means++"",""n_clusters"":4,""n_init"":20}",5,False,,0.7423383762363217,0.01056053132155447,0.7618118464086324,0.011461625260402113,0.5440764530639425,0.004222700663936406,0.7228905924456352,0.005489883664401936,697.5760530273283,0.405549798727889,4.0,0.0,0.0,0.0,0.024692891584709286,0.008774450930543238,0.0,5,oracle_max_ari_supplementary
compound,shape,399,2,ward,"{""linkage"":""ward"",""n_clusters"":4}",1,True,True,0.7641301304382412,0.0,0.8052630678159259,0.0,0.572433886629797,0.0,0.6111577112355747,0.0,673.4581109126899,0.0,4.0,0.0,0.0,0.0,0.0017687084909994155,0.0,5.2833493100479245e-05,2,oracle_max_ari_supplementary
iris,real,150,4,classix,"{""engine"":""classix"",""group_merging"":""density"",""minPts"":5,""radius"":0.2}",1,True,True,0.5978964511505344,0.0,0.6548463353892309,0.0,0.3450484298690507,0.0,1.0998612756629453,0.0,135.42740801750693,0.0,6.0,0.0,0.0,0.0,0.008790916530415416,0.0,1.8416496459394693e-05,2,oracle_max_ari_supplementary
iris,real,150,4,dbscan,"{""eps"":1.0,""min_samples"":3}",1,True,True,0.5583714437541352,0.0,0.7201176036115982,0.0,0.585127480924496,0.0,0.584538002804103,0.0,254.19991284760826,0.0,2.0,0.0,1.0,0.0,0.0007334374822676182,0.0,5.812500603497028e-06,2,oracle_max_ari_supplementary
iris,real,150,4,kmeans,"{""init"":""k-means++"",""n_clusters"":3,""n_init"":20}",5,False,,0.6201351808870379,0.0,0.659486892724918,0.0,0.4589717867018718,5.551115123125783e-17,0.8354098493935599,0.0,239.34180132491102,1.2710574864626037e-14,3.0,0.0,0.0,0.0,0.012512749771121889,0.002209432195947081,0.0,5,oracle_max_ari_supplementary
iris,real,150,4,ward,"{""linkage"":""ward"",""n_clusters"":3}",1,True,True,0.6153229932145449,0.0,0.6754701853436886,0.0,0.44553956399200406,0.0,0.805940469032997,0.0,220.2604374375408,0.0,3.0,0.0,0.0,0.0,0.0004981454985681921,0.0,1.868748222477734e-05,2,oracle_max_ari_supplementary
jain,shape,373,2,classix,"{""engine"":""classix"",""group_merging"":""distance"",""minPts"":10,""radius"":0.2}",1,True,True,1.0,0.0,1.0,0.0,0.45112370157568393,0.0,0.8096925059289811,0.0,351.74177702966216,0.0,2.0,0.0,0.0,0.0,0.0016816665010992438,0.0,5.8458506828173995e-05,2,oracle_max_ari_supplementary
jain,shape,373,2,dbscan,"{""eps"":0.2,""min_samples"":10}",1,True,True,0.9542046459625031,0.0,0.8889017013909634,0.0,0.46529916151224504,0.0,0.45822777747174326,0.0,77.55523940657042,0.0,2.0,0.0,84.0,0.0,0.0010024375224020332,0.0,2.2187508875504136e-05,2,oracle_max_ari_supplementary
jain,shape,373,2,kmeans,"{""init"":""k-means++"",""n_clusters"":2,""n_init"":20}",5,False,,0.552751161834573,0.0,0.5108315717226246,4.965068306494546e-17,0.5044779516212523,0.0,0.7914495908671927,0.0,487.6180169709948,0.0,2.0,0.0,0.0,0.0,0.017483149806503208,0.0046037920101230445,0.0,5,oracle_max_ari_supplementary
jain,shape,373,2,ward,"{""linkage"":""ward"",""n_clusters"":2}",1,True,True,0.5691559292963253,0.0,0.5419935754570145,0.0,0.5042663862106481,0.0,0.7919435147849887,0.0,486.3050029940725,0.0,2.0,0.0,0.0,0.0,0.0016929164994508028,0.0,8.708506356924772e-06,2,oracle_max_ari_supplementary
pathbased,shape,300,2,classix,"{""engine"":""classix"",""group_merging"":""density"",""minPts"":10,""radius"":0.3}",1,True,True,0.4968898766932608,0.0,0.5631346310853528,0.0,0.4504936054845668,0.0,0.7568951297312171,0.0,239.98330023574178,0.0,4.0,0.0,0.0,0.0,0.008257145993411541,0.0,0.0020881870295852423,2,oracle_max_ari_supplementary
pathbased,shape,300,2,dbscan,"{""eps"":0.3,""min_samples"":10}",1,True,True,0.8812363734308486,0.0,0.8483047717390507,0.0,0.5978984067938515,0.0,0.594768637955086,0.0,426.492576297175,0.0,2.0,0.0,112.0,0.0,0.0011800835200119764,0.0,0.00011295851436443627,2,oracle_max_ari_supplementary
pathbased,shape,300,2,kmeans,"{""init"":""k-means++"",""n_clusters"":3,""n_init"":20}",5,False,,0.47974152586138497,5.551115123125783e-17,0.5606538556651895,0.0,0.5092065033223903,0.0,0.6929203590749796,0.0,304.579543045161,0.0,3.0,0.0,0.0,0.0,0.027640591806266455,0.01675562750428971,0.0,5,oracle_max_ari_supplementary
pathbased,shape,300,2,ward,"{""linkage"":""ward"",""n_clusters"":6}",1,True,True,0.5099710351249206,0.0,0.5496114294024729,0.0,0.41269814287492324,0.0,0.774226963971684,0.0,265.9652432098985,0.0,6.0,0.0,0.0,0.0,0.0012091669777873904,0.0,0.00017708298400975764,2,oracle_max_ari_supplementary
r15,shape,600,2,classix,"{""engine"":""classix"",""group_merging"":""density"",""minPts"":10,""radius"":0.1}",1,True,True,0.9346332861918807,0.0,0.9620905260789956,0.0,0.6953382235260908,0.0,0.5104778327121172,0.0,4334.589244669197,0.0,17.0,0.0,0.0,0.0,0.027349374489858747,0.0,0.010508791485335678,2,oracle_max_ari_supplementary
r15,shape,600,2,dbscan,"{""eps"":0.1,""min_samples"":3}",1,True,True,0.9375177829535192,0.0,0.9510605888465299,0.0,0.7181489384720697,0.0,0.3547775029200269,0.0,4830.346873746337,0.0,17.0,0.0,22.0,0.0,0.002196020999690518,0.0,0.0004413129936438054,2,oracle_max_ari_supplementary
r15,shape,600,2,kmeans,"{""init"":""k-means++"",""n_clusters"":12,""n_init"":20}",5,False,,0.7930515551883978,0.004521936920304792,0.9238428353846793,0.0026348872335563867,0.665433383456066,0.0023884119259334224,0.43594886553179,0.007699861341262624,2327.573292814147,13.366699048334649,12.0,0.0,0.0,0.0,0.05950185821857303,0.023286693079989266,0.0,5,oracle_max_ari_supplementary
r15,shape,600,2,ward,"{""linkage"":""ward"",""n_clusters"":12}",1,True,True,0.8042766753644529,0.0,0.9373628324280783,0.0,0.6616370869850643,0.0,0.43995682948535997,0.0,2274.39403005171,0.0,12.0,0.0,0.0,0.0,0.0038618130201939493,0.0,0.00061514598201029,2,oracle_max_ari_supplementary
seeds,real,210,7,classix,"{""engine"":""classix"",""group_merging"":""density"",""minPts"":5,""radius"":0.2}",1,True,True,0.45913924860223054,0.0,0.5358152998914661,0.0,0.4425181552045116,0.0,0.8529552369610633,0.0,247.5074544269184,0.0,2.0,0.0,0.0,0.0,0.017463750002207235,0.0,0.0008897920197341591,2,oracle_max_ari_supplementary
seeds,real,210,7,dbscan,"{""eps"":0.9,""min_samples"":10}",1,True,True,0.4162032168256824,0.0,0.5248250575164581,0.0,0.5191532895903398,0.0,0.6781579751353813,0.0,297.39208034166603,0.0,3.0,0.0,79.0,0.0,0.0010058335319627076,0.0,9.708348079584539e-05,2,oracle_max_ari_supplementary
seeds,real,210,7,kmeans,"{""init"":""k-means++"",""n_clusters"":3,""n_init"":20}",5,False,,0.7732937360806309,0.0,0.727864144698467,0.0,0.4007270552751299,0.0,0.9278712249013423,1.1102230246251565e-16,249.78417491616477,2.842170943040401e-14,3.0,0.0,0.0,0.0,0.017509708227589727,0.0031507020755904523,0.0,5,oracle_max_ari_supplementary
seeds,real,210,7,ward,"{""linkage"":""ward"",""n_clusters"":3}",1,True,True,0.796998283593012,0.0,0.7498157518928459,0.0,0.3926339709101015,0.0,0.9445072193243359,0.0,238.36119610401153,0.0,3.0,0.0,0.0,0.0,0.0009321874822489917,0.0,0.00020956248044967651,2,oracle_max_ari_supplementary
spiral,shape,312,2,classix,"{""engine"":""classix"",""group_merging"":""density"",""minPts"":1,""radius"":0.3}",1,True,True,0.9458120489212415,0.0,0.9464533664365264,0.0,-0.038128063180860164,0.0,5.643916328748979,0.0,15.218255067985034,0.0,4.0,0.0,0.0,0.0,0.007890854496508837,0.0,0.0018931875238195062,2,oracle_max_ari_supplementary
spiral,shape,312,2,dbscan,"{""eps"":0.2,""min_samples"":3}",1,True,True,1.0,0.0,1.0,0.0,0.001393007226841032,0.0,5.819660572385967,0.0,5.791604617514869,0.0,3.0,0.0,0.0,0.0,0.0009860000282060355,0.0,6.491699605248868e-05,2,oracle_max_ari_supplementary
spiral,shape,312,2,kmeans,"{""init"":""k-means++"",""n_clusters"":12,""n_init"":20}",5,False,,0.11534790939237267,0.022884327324831734,0.29060119237807014,0.030134796568923622,0.37712633698648446,0.003799440872785801,0.8048880358594366,0.009774676345612172,264.94685556526986,0.7868155438618135,12.0,0.0,0.0,0.0,0.03889652518555522,0.009096263593335588,0.0,5,oracle_max_ari_supplementary
spiral,shape,312,2,ward,"{""linkage"":""ward"",""n_clusters"":12}",1,True,True,0.10765008865323447,0.0,0.27401316548455185,0.0,0.3309074292203263,0.0,0.8677989227121313,0.0,229.8956622900068,0.0,12.0,0.0,0.0,0.0,0.0014683955232612789,0.0,0.00031493749702349305,2,oracle_max_ari_supplementary
wine,real,178,13,classix,"{""engine"":""classix"",""group_merging"":""distance"",""minPts"":10,""radius"":0.4}",1,True,True,0.4610041624800529,0.0,0.5986385941431798,0.0,0.2685053034647887,0.0,1.378975733905637,0.0,65.17860976517248,0.0,2.0,0.0,0.0,0.0,0.006347000511595979,0.0,0.0009678334754426032,2,oracle_max_ari_supplementary
wine,real,178,13,dbscan,"{""eps"":0.1,""min_samples"":10}",1,True,True,0.0,0.0,0.0,0.0,,,,,,,0.0,0.0,178.0,0.0,0.0008033539925236255,0.0,2.0771025447174907e-05,2,oracle_max_ari_supplementary
wine,real,178,13,kmeans,"{""init"":""k-means++"",""n_clusters"":3,""n_init"":20}",5,False,,0.8974949815093207,0.0,0.8758935341223069,0.0,0.28485891918989864,0.0,1.3891879777181648,0.0,70.94000800315118,0.0,3.0,0.0,0.0,0.0,0.013589433406013995,0.004085657866455395,0.0,5,oracle_max_ari_supplementary
wine,real,178,13,ward,"{""linkage"":""ward"",""n_clusters"":3}",1,True,True,0.7899332213582837,0.0,0.7864652657004837,0.0,0.2774439826952266,0.0,1.4185919431857326,0.0,67.6474675044098,0.0,3.0,0.0,0.0,0.0,0.0006530829996336251,0.0,2.0417006453499198e-05,2,oracle_max_ari_supplementary
