algorithm,representation,selection,candidate_id,parameters,sigma,seed,n_clusters,largest_non_noise_cluster_share,silhouette,davies_bouldin,calinski_harabasz,ari,stability_ari,n_noise,noise_fraction
classix,compact,deployment_acceptable,classix_r0.95_m10_distance,"{""group_merging"":""distance"",""mergeScale"":1.5,""mergeTinyGroups"":true,""metric"":""euclidean"",""minPts"":10,""post_alloc"":false,""radius"":0.95,""sorting"":""pca""}",0.0,20260801,2,0.9092926017578291,0.5947455721748541,1.057226453321008,4285.466605247859,1.0,1.0,0,0.0
classix,compact,deployment_acceptable,classix_r0.95_m10_distance,"{""group_merging"":""distance"",""mergeScale"":1.5,""mergeTinyGroups"":true,""metric"":""euclidean"",""minPts"":10,""post_alloc"":false,""radius"":0.95,""sorting"":""pca""}",1e-06,20260801,2,0.9092926017578291,0.5947455759431417,1.0572264518942678,4285.466647715827,1.0,1.0,0,0.0
classix,compact,deployment_acceptable,classix_r0.95_m10_distance,"{""group_merging"":""distance"",""mergeScale"":1.5,""mergeTinyGroups"":true,""metric"":""euclidean"",""minPts"":10,""post_alloc"":false,""radius"":0.95,""sorting"":""pca""}",1e-06,20260802,2,0.9092926017578291,0.5947455790552542,1.0572264366544264,4285.4668014554345,1.0,1.0,0,0.0
classix,compact,deployment_acceptable,classix_r0.95_m10_distance,"{""group_merging"":""distance"",""mergeScale"":1.5,""mergeTinyGroups"":true,""metric"":""euclidean"",""minPts"":10,""post_alloc"":false,""radius"":0.95,""sorting"":""pca""}",1e-06,20260803,2,0.9092926017578291,0.5947455701701883,1.0572264374315319,4285.4666590293555,1.0,1.0,0,0.0
classix,compact,deployment_acceptable,classix_r0.95_m10_distance,"{""group_merging"":""distance"",""mergeScale"":1.5,""mergeTinyGroups"":true,""metric"":""euclidean"",""minPts"":10,""post_alloc"":false,""radius"":0.95,""sorting"":""pca""}",1e-06,20260804,2,0.9092926017578291,0.5947455722234515,1.0572264607294644,4285.466595457226,1.0,1.0,0,0.0
classix,compact,deployment_acceptable,classix_r0.95_m10_distance,"{""group_merging"":""distance"",""mergeScale"":1.5,""mergeTinyGroups"":true,""metric"":""euclidean"",""minPts"":10,""post_alloc"":false,""radius"":0.95,""sorting"":""pca""}",1e-06,20260805,2,0.9092926017578291,0.5947455688803402,1.0572264605159816,4285.466519210748,1.0,1.0,0,0.0
classix,compact,deployment_acceptable,classix_r0.95_m10_distance,"{""group_merging"":""distance"",""mergeScale"":1.5,""mergeTinyGroups"":true,""metric"":""euclidean"",""minPts"":10,""post_alloc"":false,""radius"":0.95,""sorting"":""pca""}",1e-06,20260806,2,0.9092926017578291,0.5947455694611784,1.057226444401366,4285.466630750593,1.0,1.0,0,0.0
classix,compact,deployment_acceptable,classix_r0.95_m10_distance,"{""group_merging"":""distance"",""mergeScale"":1.5,""mergeTinyGroups"":true,""metric"":""euclidean"",""minPts"":10,""post_alloc"":false,""radius"":0.95,""sorting"":""pca""}",1e-06,20260807,2,0.9092926017578291,0.5947455647146491,1.057226465155125,4285.466480563295,1.0,1.0,0,0.0
classix,compact,deployment_acceptable,classix_r0.95_m10_distance,"{""group_merging"":""distance"",""mergeScale"":1.5,""mergeTinyGroups"":true,""metric"":""euclidean"",""minPts"":10,""post_alloc"":false,""radius"":0.95,""sorting"":""pca""}",1e-06,20260808,2,0.9092926017578291,0.5947455797081331,1.0572264434415795,4285.4667200607855,1.0,1.0,0,0.0
classix,compact,deployment_acceptable,classix_r0.95_m10_distance,"{""group_merging"":""distance"",""mergeScale"":1.5,""mergeTinyGroups"":true,""metric"":""euclidean"",""minPts"":10,""post_alloc"":false,""radius"":0.95,""sorting"":""pca""}",1e-06,20260809,2,0.9092926017578291,0.5947455727305102,1.0572264674001097,4285.466526367808,1.0,1.0,0,0.0
classix,compact,deployment_acceptable,classix_r0.95_m10_distance,"{""group_merging"":""distance"",""mergeScale"":1.5,""mergeTinyGroups"":true,""metric"":""euclidean"",""minPts"":10,""post_alloc"":false,""radius"":0.95,""sorting"":""pca""}",1e-06,20260810,2,0.9092926017578291,0.5947455704369977,1.0572264573101802,4285.466549754273,1.0,1.0,0,0.0
classix,compact,deployment_acceptable,classix_r0.95_m10_distance,"{""group_merging"":""distance"",""mergeScale"":1.5,""mergeTinyGroups"":true,""metric"":""euclidean"",""minPts"":10,""post_alloc"":false,""radius"":0.95,""sorting"":""pca""}",0.0001,20260801,2,0.9092926017578291,0.5947459091088649,1.0572263183041695,4285.4707946327135,1.0,1.0,0,0.0
classix,compact,deployment_acceptable,classix_r0.95_m10_distance,"{""group_merging"":""distance"",""mergeScale"":1.5,""mergeTinyGroups"":true,""metric"":""euclidean"",""minPts"":10,""post_alloc"":false,""radius"":0.95,""sorting"":""pca""}",0.0001,20260802,2,0.9092926017578291,0.5947462201652811,1.0572247943559263,4285.486167873381,1.0,1.0,0,0.0
classix,compact,deployment_acceptable,classix_r0.95_m10_distance,"{""group_merging"":""distance"",""mergeScale"":1.5,""mergeTinyGroups"":true,""metric"":""euclidean"",""minPts"":10,""post_alloc"":false,""radius"":0.95,""sorting"":""pca""}",0.0001,20260803,2,0.9092926017578291,0.5947453317493019,1.0572248719133635,4285.471925403231,1.0,1.0,0,0.0
classix,compact,deployment_acceptable,classix_r0.95_m10_distance,"{""group_merging"":""distance"",""mergeScale"":1.5,""mergeTinyGroups"":true,""metric"":""euclidean"",""minPts"":10,""post_alloc"":false,""radius"":0.95,""sorting"":""pca""}",0.0001,20260804,2,0.9092926017578291,0.5947455370799914,1.0572272016380382,4285.465568129344,1.0,1.0,0,0.0
classix,compact,deployment_acceptable,classix_r0.95_m10_distance,"{""group_merging"":""distance"",""mergeScale"":1.5,""mergeTinyGroups"":true,""metric"":""euclidean"",""minPts"":10,""post_alloc"":false,""radius"":0.95,""sorting"":""pca""}",0.0001,20260805,2,0.9092926017578291,0.5947452025977903,1.057227180491111,4285.457943366627,1.0,1.0,0,0.0
classix,compact,deployment_acceptable,classix_r0.95_m10_distance,"{""group_merging"":""distance"",""mergeScale"":1.5,""mergeTinyGroups"":true,""metric"":""euclidean"",""minPts"":10,""post_alloc"":false,""radius"":0.95,""sorting"":""pca""}",0.0001,20260806,2,0.9092926017578291,0.594745260524671,1.0572255687880598,4285.46909747353,1.0,1.0,0,0.0
classix,compact,deployment_acceptable,classix_r0.95_m10_distance,"{""group_merging"":""distance"",""mergeScale"":1.5,""mergeTinyGroups"":true,""metric"":""euclidean"",""minPts"":10,""post_alloc"":false,""radius"":0.95,""sorting"":""pca""}",0.0001,20260807,2,0.9092926017578291,0.5947447853348136,1.0572276443024826,4285.4540791845875,1.0,1.0,0,0.0
classix,compact,deployment_acceptable,classix_r0.95_m10_distance,"{""group_merging"":""distance"",""mergeScale"":1.5,""mergeTinyGroups"":true,""metric"":""euclidean"",""minPts"":10,""post_alloc"":false,""radius"":0.95,""sorting"":""pca""}",0.0001,20260808,2,0.9092926017578291,0.5947462867159872,1.0572254727704664,4285.478029189457,1.0,1.0,0,0.0
classix,compact,deployment_acceptable,classix_r0.95_m10_distance,"{""group_merging"":""distance"",""mergeScale"":1.5,""mergeTinyGroups"":true,""metric"":""euclidean"",""minPts"":10,""post_alloc"":false,""radius"":0.95,""sorting"":""pca""}",0.0001,20260809,2,0.9092926017578291,0.5947455878507351,1.0572278689795,4285.458658992389,1.0,1.0,0,0.0
classix,compact,deployment_acceptable,classix_r0.95_m10_distance,"{""group_merging"":""distance"",""mergeScale"":1.5,""mergeTinyGroups"":true,""metric"":""euclidean"",""minPts"":10,""post_alloc"":false,""radius"":0.95,""sorting"":""pca""}",0.0001,20260810,2,0.9092926017578291,0.5947453587215524,1.0572268598282064,4285.460998121165,1.0,1.0,0,0.0
classix,compact,deployment_acceptable,classix_r0.95_m10_distance,"{""group_merging"":""distance"",""mergeScale"":1.5,""mergeTinyGroups"":true,""metric"":""euclidean"",""minPts"":10,""post_alloc"":false,""radius"":0.95,""sorting"":""pca""}",0.001,20260801,2,0.9092926017578291,0.5947465289974431,1.057225799349736,4285.5032792856055,1.0,1.0,0,0.0
classix,compact,deployment_acceptable,classix_r0.95_m10_distance,"{""group_merging"":""distance"",""mergeScale"":1.5,""mergeTinyGroups"":true,""metric"":""euclidean"",""minPts"":10,""post_alloc"":false,""radius"":0.95,""sorting"":""pca""}",0.001,20260802,2,0.9092926017578291,0.5947496312375506,1.0572105632709328,4285.656946013159,1.0,1.0,0,0.0
classix,compact,deployment_acceptable,classix_r0.95_m10_distance,"{""group_merging"":""distance"",""mergeScale"":1.5,""mergeTinyGroups"":true,""metric"":""euclidean"",""minPts"":10,""post_alloc"":false,""radius"":0.95,""sorting"":""pca""}",0.001,20260803,2,0.9092926017578291,0.594740744331035,1.0572113246299413,4285.514534064166,1.0,1.0,0,0.0
classix,compact,deployment_acceptable,classix_r0.95_m10_distance,"{""group_merging"":""distance"",""mergeScale"":1.5,""mergeTinyGroups"":true,""metric"":""euclidean"",""minPts"":10,""post_alloc"":false,""radius"":0.95,""sorting"":""pca""}",0.001,20260804,2,0.9092926017578291,0.5947427939289818,1.0572346156601382,4285.45095591458,1.0,1.0,0,0.0
classix,compact,deployment_acceptable,classix_r0.95_m10_distance,"{""group_merging"":""distance"",""mergeScale"":1.5,""mergeTinyGroups"":true,""metric"":""euclidean"",""minPts"":10,""post_alloc"":false,""radius"":0.95,""sorting"":""pca""}",0.001,20260805,2,0.9092926017578291,0.5947394561762064,1.0572344225954247,4285.374698009619,1.0,1.0,0,0.0
classix,compact,deployment_acceptable,classix_r0.95_m10_distance,"{""group_merging"":""distance"",""mergeScale"":1.5,""mergeTinyGroups"":true,""metric"":""euclidean"",""minPts"":10,""post_alloc"":false,""radius"":0.95,""sorting"":""pca""}",0.001,20260806,2,0.9092926017578291,0.5947400194675855,1.057218283674314,4285.486250046382,1.0,1.0,0,0.0
classix,compact,deployment_acceptable,classix_r0.95_m10_distance,"{""group_merging"":""distance"",""mergeScale"":1.5,""mergeTinyGroups"":true,""metric"":""euclidean"",""minPts"":10,""post_alloc"":false,""radius"":0.95,""sorting"":""pca""}",0.001,20260807,2,0.9092926017578291,0.5947352474153654,1.057239051328511,4285.336107379907,1.0,1.0,0,0.0
classix,compact,deployment_acceptable,classix_r0.95_m10_distance,"{""group_merging"":""distance"",""mergeScale"":1.5,""mergeTinyGroups"":true,""metric"":""euclidean"",""minPts"":10,""post_alloc"":false,""radius"":0.95,""sorting"":""pca""}",0.001,20260808,2,0.9092926017578291,0.5947503483526475,1.0572173198912735,4285.575630410682,1.0,1.0,0,0.0
classix,compact,deployment_acceptable,classix_r0.95_m10_distance,"{""group_merging"":""distance"",""mergeScale"":1.5,""mergeTinyGroups"":true,""metric"":""euclidean"",""minPts"":10,""post_alloc"":false,""radius"":0.95,""sorting"":""pca""}",0.001,20260809,2,0.9092926017578291,0.5947433120078172,1.0572413145537674,4285.381846938452,1.0,1.0,0,0.0
classix,compact,deployment_acceptable,classix_r0.95_m10_distance,"{""group_merging"":""distance"",""mergeScale"":1.5,""mergeTinyGroups"":true,""metric"":""euclidean"",""minPts"":10,""post_alloc"":false,""radius"":0.95,""sorting"":""pca""}",0.001,20260810,2,0.9092926017578291,0.5947410332252938,1.0572312083899484,4285.405282087832,1.0,1.0,0,0.0
classix,compact,deployment_acceptable,classix_r0.95_m10_distance,"{""group_merging"":""distance"",""mergeScale"":1.5,""mergeTinyGroups"":true,""metric"":""euclidean"",""minPts"":10,""post_alloc"":false,""radius"":0.95,""sorting"":""pca""}",0.01,20260801,2,0.9093779332707569,0.5943500161089481,1.0571440151644118,4275.312371900047,0.9993803546139021,0.9993803546139021,0,0.0
classix,compact,deployment_acceptable,classix_r0.95_m10_distance,"{""group_merging"":""distance"",""mergeScale"":1.5,""mergeTinyGroups"":true,""metric"":""euclidean"",""minPts"":10,""post_alloc"":false,""radius"":0.95,""sorting"":""pca""}",0.01,20260802,2,0.9092926017578291,0.5946342287694781,1.057137670677711,4286.841180036276,1.0,1.0,0,0.0
classix,compact,deployment_acceptable,classix_r0.95_m10_distance,"{""group_merging"":""distance"",""mergeScale"":1.5,""mergeTinyGroups"":true,""metric"":""euclidean"",""minPts"":10,""post_alloc"":false,""radius"":0.95,""sorting"":""pca""}",0.01,20260803,3,0.9092926017578291,0.5322689507812535,0.8455015754826557,5590.255797551221,0.9955248565272808,0.9955248565272808,0,0.0
classix,compact,deployment_acceptable,classix_r0.95_m10_distance,"{""group_merging"":""distance"",""mergeScale"":1.5,""mergeTinyGroups"":true,""metric"":""euclidean"",""minPts"":10,""post_alloc"":false,""radius"":0.95,""sorting"":""pca""}",0.01,20260804,2,0.9092926017578291,0.5945656989096711,1.0573759105950975,4284.782424279985,1.0,1.0,0,0.0
classix,compact,deployment_acceptable,classix_r0.95_m10_distance,"{""group_merging"":""distance"",""mergeScale"":1.5,""mergeTinyGroups"":true,""metric"":""euclidean"",""minPts"":10,""post_alloc"":false,""radius"":0.95,""sorting"":""pca""}",0.01,20260805,2,0.9092926017578291,0.5945327134567067,1.0573758774056627,4284.018951686502,1.0,1.0,0,0.0
classix,compact,deployment_acceptable,classix_r0.95_m10_distance,"{""group_merging"":""distance"",""mergeScale"":1.5,""mergeTinyGroups"":true,""metric"":""euclidean"",""minPts"":10,""post_alloc"":false,""radius"":0.95,""sorting"":""pca""}",0.01,20260806,2,0.9093779332707569,0.5942838752826525,1.057067683958368,4275.149496406189,0.9993803546139021,0.9993803546139021,0,0.0
classix,compact,deployment_acceptable,classix_r0.95_m10_distance,"{""group_merging"":""distance"",""mergeScale"":1.5,""mergeTinyGroups"":true,""metric"":""euclidean"",""minPts"":10,""post_alloc"":false,""radius"":0.95,""sorting"":""pca""}",0.01,20260807,2,0.9092926017578291,0.5944888052259594,1.0574212247242043,4283.638109120675,1.0,1.0,0,0.0
classix,compact,deployment_acceptable,classix_r0.95_m10_distance,"{""group_merging"":""distance"",""mergeScale"":1.5,""mergeTinyGroups"":true,""metric"":""euclidean"",""minPts"":10,""post_alloc"":false,""radius"":0.95,""sorting"":""pca""}",0.01,20260808,3,0.9092926017578291,0.5323882929090531,0.8457065076751972,5592.767390048302,0.9955248565272808,0.9955248565272808,0,0.0
classix,compact,deployment_acceptable,classix_r0.95_m10_distance,"{""group_merging"":""distance"",""mergeScale"":1.5,""mergeTinyGroups"":true,""metric"":""euclidean"",""minPts"":10,""post_alloc"":false,""radius"":0.95,""sorting"":""pca""}",0.01,20260809,2,0.9093779332707569,0.5943172906718196,1.0573020924763257,4274.075504921738,0.9993803546139021,0.9993803546139021,0,0.0
classix,compact,deployment_acceptable,classix_r0.95_m10_distance,"{""group_merging"":""distance"",""mergeScale"":1.5,""mergeTinyGroups"":true,""metric"":""euclidean"",""minPts"":10,""post_alloc"":false,""radius"":0.95,""sorting"":""pca""}",0.01,20260810,2,0.9092926017578291,0.5945495927447467,1.0573429250797084,4284.328335085426,1.0,1.0,0,0.0
classix,rich,deployment_acceptable,classix_r0.75_m10_density,"{""group_merging"":""density"",""mergeScale"":1.5,""mergeTinyGroups"":true,""metric"":""euclidean"",""minPts"":10,""post_alloc"":false,""radius"":0.75,""sorting"":""pca""}",0.0,20260801,3,0.8982697156768976,0.2909136336788067,0.859209473469003,1516.9199025705768,1.0,1.0,218,0.018602269818243877
classix,rich,deployment_acceptable,classix_r0.75_m10_density,"{""group_merging"":""density"",""mergeScale"":1.5,""mergeTinyGroups"":true,""metric"":""euclidean"",""minPts"":10,""post_alloc"":false,""radius"":0.75,""sorting"":""pca""}",1e-06,20260801,3,0.8982697156768976,0.2909136308391617,0.8592094726541187,1516.919895066091,1.0,1.0,218,0.018602269818243877
classix,rich,deployment_acceptable,classix_r0.75_m10_density,"{""group_merging"":""density"",""mergeScale"":1.5,""mergeTinyGroups"":true,""metric"":""euclidean"",""minPts"":10,""post_alloc"":false,""radius"":0.75,""sorting"":""pca""}",1e-06,20260802,3,0.8982697156768976,0.29091363365091943,0.8592094711819174,1516.919921172144,1.0,1.0,218,0.018602269818243877
classix,rich,deployment_acceptable,classix_r0.75_m10_density,"{""group_merging"":""density"",""mergeScale"":1.5,""mergeTinyGroups"":true,""metric"":""euclidean"",""minPts"":10,""post_alloc"":false,""radius"":0.75,""sorting"":""pca""}",1e-06,20260803,3,0.8982697156768976,0.2909136354675458,0.8592094773785438,1516.9199383233579,1.0,1.0,218,0.018602269818243877
classix,rich,deployment_acceptable,classix_r0.75_m10_density,"{""group_merging"":""density"",""mergeScale"":1.5,""mergeTinyGroups"":true,""metric"":""euclidean"",""minPts"":10,""post_alloc"":false,""radius"":0.75,""sorting"":""pca""}",1e-06,20260804,3,0.8982697156768976,0.29091363226138656,0.8592094696860438,1516.9198993435143,1.0,1.0,218,0.018602269818243877
classix,rich,deployment_acceptable,classix_r0.75_m10_density,"{""group_merging"":""density"",""mergeScale"":1.5,""mergeTinyGroups"":true,""metric"":""euclidean"",""minPts"":10,""post_alloc"":false,""radius"":0.75,""sorting"":""pca""}",1e-06,20260805,3,0.8982697156768976,0.2909136290664758,0.8592094844146083,1516.9198680472775,1.0,1.0,218,0.018602269818243877
classix,rich,deployment_acceptable,classix_r0.75_m10_density,"{""group_merging"":""density"",""mergeScale"":1.5,""mergeTinyGroups"":true,""metric"":""euclidean"",""minPts"":10,""post_alloc"":false,""radius"":0.75,""sorting"":""pca""}",1e-06,20260806,3,0.8982697156768976,0.290913634712606,0.8592094704575169,1516.9199069467636,1.0,1.0,218,0.018602269818243877
classix,rich,deployment_acceptable,classix_r0.75_m10_density,"{""group_merging"":""density"",""mergeScale"":1.5,""mergeTinyGroups"":true,""metric"":""euclidean"",""minPts"":10,""post_alloc"":false,""radius"":0.75,""sorting"":""pca""}",1e-06,20260807,3,0.8982697156768976,0.2909136323267947,0.8592094697160427,1516.9199043911042,1.0,1.0,218,0.018602269818243877
classix,rich,deployment_acceptable,classix_r0.75_m10_density,"{""group_merging"":""density"",""mergeScale"":1.5,""mergeTinyGroups"":true,""metric"":""euclidean"",""minPts"":10,""post_alloc"":false,""radius"":0.75,""sorting"":""pca""}",1e-06,20260808,3,0.8982697156768976,0.2909136349389285,0.8592094743066306,1516.9198978267877,1.0,1.0,218,0.018602269818243877
classix,rich,deployment_acceptable,classix_r0.75_m10_density,"{""group_merging"":""density"",""mergeScale"":1.5,""mergeTinyGroups"":true,""metric"":""euclidean"",""minPts"":10,""post_alloc"":false,""radius"":0.75,""sorting"":""pca""}",1e-06,20260809,3,0.8982697156768976,0.2909136360936144,0.8592094646462174,1516.9199230245586,1.0,1.0,218,0.018602269818243877
classix,rich,deployment_acceptable,classix_r0.75_m10_density,"{""group_merging"":""density"",""mergeScale"":1.5,""mergeTinyGroups"":true,""metric"":""euclidean"",""minPts"":10,""post_alloc"":false,""radius"":0.75,""sorting"":""pca""}",1e-06,20260810,3,0.8982697156768976,0.2909136380208099,0.859209466911528,1516.9199284448619,1.0,1.0,218,0.018602269818243877
classix,rich,deployment_acceptable,classix_r0.75_m10_density,"{""group_merging"":""density"",""mergeScale"":1.5,""mergeTinyGroups"":true,""metric"":""euclidean"",""minPts"":10,""post_alloc"":false,""radius"":0.75,""sorting"":""pca""}",0.0001,20260801,3,0.8982697156768976,0.2909133414389961,0.8592094036156851,1516.9191303716539,1.0,1.0,218,0.018602269818243877
classix,rich,deployment_acceptable,classix_r0.75_m10_density,"{""group_merging"":""density"",""mergeScale"":1.5,""mergeTinyGroups"":true,""metric"":""euclidean"",""minPts"":10,""post_alloc"":false,""radius"":0.75,""sorting"":""pca""}",0.0001,20260802,3,0.8982697156768976,0.2909136226305934,0.8592092565190642,1516.9217409427515,1.0,1.0,218,0.018602269818243877
classix,rich,deployment_acceptable,classix_r0.75_m10_density,"{""group_merging"":""density"",""mergeScale"":1.5,""mergeTinyGroups"":true,""metric"":""euclidean"",""minPts"":10,""post_alloc"":false,""radius"":0.75,""sorting"":""pca""}",0.0001,20260803,3,0.8982697156768976,0.2909138043223513,0.859209876011687,1516.9234561287844,1.0,1.0,218,0.018602269818243877
classix,rich,deployment_acceptable,classix_r0.75_m10_density,"{""group_merging"":""density"",""mergeScale"":1.5,""mergeTinyGroups"":true,""metric"":""euclidean"",""minPts"":10,""post_alloc"":false,""radius"":0.75,""sorting"":""pca""}",0.0001,20260804,3,0.8982697156768976,0.2909134837334634,0.8592091067686768,1516.9195581573485,1.0,1.0,218,0.018602269818243877
classix,rich,deployment_acceptable,classix_r0.75_m10_density,"{""group_merging"":""density"",""mergeScale"":1.5,""mergeTinyGroups"":true,""metric"":""euclidean"",""minPts"":10,""post_alloc"":false,""radius"":0.75,""sorting"":""pca""}",0.0001,20260805,3,0.8982697156768976,0.2909131642132412,0.8592105796738739,1516.9164284042627,1.0,1.0,218,0.018602269818243877
classix,rich,deployment_acceptable,classix_r0.75_m10_density,"{""group_merging"":""density"",""mergeScale"":1.5,""mergeTinyGroups"":true,""metric"":""euclidean"",""minPts"":10,""post_alloc"":false,""radius"":0.75,""sorting"":""pca""}",0.0001,20260806,3,0.8982697156768976,0.29091372875898963,0.8592091840347035,1516.9203184530056,1.0,1.0,218,0.018602269818243877
classix,rich,deployment_acceptable,classix_r0.75_m10_density,"{""group_merging"":""density"",""mergeScale"":1.5,""mergeTinyGroups"":true,""metric"":""euclidean"",""minPts"":10,""post_alloc"":false,""radius"":0.75,""sorting"":""pca""}",0.0001,20260807,3,0.8982697156768976,0.2909134901950805,0.8592091097961712,1516.9200628088474,1.0,1.0,218,0.018602269818243877
classix,rich,deployment_acceptable,classix_r0.75_m10_density,"{""group_merging"":""density"",""mergeScale"":1.5,""mergeTinyGroups"":true,""metric"":""euclidean"",""minPts"":10,""post_alloc"":false,""radius"":0.75,""sorting"":""pca""}",0.0001,20260808,3,0.8982697156768976,0.2909137513765685,0.8592095687976832,1516.9194064374758,1.0,1.0,218,0.018602269818243877
classix,rich,deployment_acceptable,classix_r0.75_m10_density,"{""group_merging"":""density"",""mergeScale"":1.5,""mergeTinyGroups"":true,""metric"":""euclidean"",""minPts"":10,""post_alloc"":false,""radius"":0.75,""sorting"":""pca""}",0.0001,20260809,3,0.8982697156768976,0.2909138668593251,0.8592086029572941,1516.9219261529365,1.0,1.0,218,0.018602269818243877
classix,rich,deployment_acceptable,classix_r0.75_m10_density,"{""group_merging"":""density"",""mergeScale"":1.5,""mergeTinyGroups"":true,""metric"":""euclidean"",""minPts"":10,""post_alloc"":false,""radius"":0.75,""sorting"":""pca""}",0.0001,20260810,3,0.8982697156768976,0.29091405965446343,0.8592088293026036,1516.9224682917716,1.0,1.0,218,0.018602269818243877
classix,rich,deployment_acceptable,classix_r0.75_m10_density,"{""group_merging"":""density"",""mergeScale"":1.5,""mergeTinyGroups"":true,""metric"":""euclidean"",""minPts"":10,""post_alloc"":false,""radius"":0.75,""sorting"":""pca""}",0.001,20260801,3,0.8982697156768976,0.29090998109150684,0.8592098325719227,1516.9102035042893,1.0,1.0,218,0.018602269818243877
classix,rich,deployment_acceptable,classix_r0.75_m10_density,"{""group_merging"":""density"",""mergeScale"":1.5,""mergeTinyGroups"":true,""metric"":""euclidean"",""minPts"":10,""post_alloc"":false,""radius"":0.75,""sorting"":""pca""}",0.001,20260802,3,0.8982697156768976,0.2909127926402144,0.8592083728392432,1516.9363060630387,1.0,1.0,218,0.018602269818243877
classix,rich,deployment_acceptable,classix_r0.75_m10_density,"{""group_merging"":""density"",""mergeScale"":1.5,""mergeTinyGroups"":true,""metric"":""euclidean"",""minPts"":10,""post_alloc"":false,""radius"":0.75,""sorting"":""pca""}",0.001,20260803,3,0.8982697156768976,0.2909146113553166,0.8592145523050245,1516.9534637861923,1.0,1.0,218,0.018602269818243877
classix,rich,deployment_acceptable,classix_r0.75_m10_density,"{""group_merging"":""density"",""mergeScale"":1.5,""mergeTinyGroups"":true,""metric"":""euclidean"",""minPts"":10,""post_alloc"":false,""radius"":0.75,""sorting"":""pca""}",0.001,20260804,3,0.8982254697286013,0.2913016135392856,0.8588945091954937,1519.903384608966,0.9977134691028863,0.9977134691028863,223,0.019028927382882498
classix,rich,deployment_acceptable,classix_r0.75_m10_density,"{""group_merging"":""density"",""mergeScale"":1.5,""mergeTinyGroups"":true,""metric"":""euclidean"",""minPts"":10,""post_alloc"":false,""radius"":0.75,""sorting"":""pca""}",0.001,20260805,4,0.8954873489261803,0.23474654318386975,0.8523068196468881,1045.8733187908229,0.9858048030745835,0.9858048030745835,218,0.018602269818243877
classix,rich,deployment_acceptable,classix_r0.75_m10_density,"{""group_merging"":""density"",""mergeScale"":1.5,""mergeTinyGroups"":true,""metric"":""euclidean"",""minPts"":10,""post_alloc"":false,""radius"":0.75,""sorting"":""pca""}",0.001,20260806,3,0.8982697156768976,0.29091385247448764,0.859207643932014,1516.922085568559,1.0,1.0,218,0.018602269818243877
classix,rich,deployment_acceptable,classix_r0.75_m10_density,"{""group_merging"":""density"",""mergeScale"":1.5,""mergeTinyGroups"":true,""metric"":""euclidean"",""minPts"":10,""post_alloc"":false,""radius"":0.75,""sorting"":""pca""}",0.001,20260807,3,0.8982697156768976,0.290911467491603,0.8592068932837825,1516.9195220499312,1.0,1.0,218,0.018602269818243877
classix,rich,deployment_acceptable,classix_r0.75_m10_density,"{""group_merging"":""density"",""mergeScale"":1.5,""mergeTinyGroups"":true,""metric"":""euclidean"",""minPts"":10,""post_alloc"":false,""radius"":0.75,""sorting"":""pca""}",0.001,20260808,4,0.8954873489261803,0.23474591955957644,0.8522986113877724,1045.890307689134,0.9858048030745835,0.9858048030745835,218,0.018602269818243877
classix,rich,deployment_acceptable,classix_r0.75_m10_density,"{""group_merging"":""density"",""mergeScale"":1.5,""mergeTinyGroups"":true,""metric"":""euclidean"",""minPts"":10,""post_alloc"":false,""radius"":0.75,""sorting"":""pca""}",0.001,20260809,4,0.8954691712322811,0.23479003010299282,0.8522611370654398,1045.9442008576864,0.9849065156071055,0.9849065156071055,220,0.018772932844099324
classix,rich,deployment_acceptable,classix_r0.75_m10_density,"{""group_merging"":""density"",""mergeScale"":1.5,""mergeTinyGroups"":true,""metric"":""euclidean"",""minPts"":10,""post_alloc"":false,""radius"":0.75,""sorting"":""pca""}",0.001,20260810,3,0.8982254697286013,0.2913074236966193,0.8588916123857394,1519.9332627752503,0.9977134691028863,0.9977134691028863,223,0.019028927382882498
classix,rich,deployment_acceptable,classix_r0.75_m10_density,"{""group_merging"":""density"",""mergeScale"":1.5,""mergeTinyGroups"":true,""metric"":""euclidean"",""minPts"":10,""post_alloc"":false,""radius"":0.75,""sorting"":""pca""}",0.01,20260801,3,0.8981013760668873,0.2917894932132706,0.858305371206419,1523.02856534241,0.9895366927831505,0.9895366927831505,237,0.02022356856387064
classix,rich,deployment_acceptable,classix_r0.75_m10_density,"{""group_merging"":""density"",""mergeScale"":1.5,""mergeTinyGroups"":true,""metric"":""euclidean"",""minPts"":10,""post_alloc"":false,""radius"":0.75,""sorting"":""pca""}",0.01,20260802,3,0.8981545961002786,0.2916256641219511,0.8584390147654154,1522.3215181389628,0.9922502182226614,0.9922502182226614,231,0.019711579486304292
classix,rich,deployment_acceptable,classix_r0.75_m10_density,"{""group_merging"":""density"",""mergeScale"":1.5,""mergeTinyGroups"":true,""metric"":""euclidean"",""minPts"":10,""post_alloc"":false,""radius"":0.75,""sorting"":""pca""}",0.01,20260803,3,0.8981191222570533,0.29178133481594326,0.8583729810662857,1523.1147793080142,0.992257973366702,0.992257973366702,235,0.020052905538015187
classix,rich,deployment_acceptable,classix_r0.75_m10_density,"{""group_merging"":""density"",""mergeScale"":1.5,""mergeTinyGroups"":true,""metric"":""euclidean"",""minPts"":10,""post_alloc"":false,""radius"":0.75,""sorting"":""pca""}",0.01,20260804,3,0.8982077605707326,0.291142610199717,0.8590126111066434,1518.5215432391094,0.996801072201036,0.996801072201036,225,0.019199590408737945
classix,rich,deployment_acceptable,classix_r0.75_m10_density,"{""group_merging"":""density"",""mergeScale"":1.5,""mergeTinyGroups"":true,""metric"":""euclidean"",""minPts"":10,""post_alloc"":false,""radius"":0.75,""sorting"":""pca""}",0.01,20260805,4,0.8954146001914208,0.23503740454728733,0.8520851966936815,1046.6730813702327,0.9822190550937437,0.9822190550937437,226,0.01928492192166567
classix,rich,deployment_acceptable,classix_r0.75_m10_density,"{""group_merging"":""density"",""mergeScale"":1.5,""mergeTinyGroups"":true,""metric"":""euclidean"",""minPts"":10,""post_alloc"":false,""radius"":0.75,""sorting"":""pca""}",0.01,20260806,4,0.8954743255004352,0.23572650993359778,0.8511327696067332,1049.6564853023212,0.9812675091307534,0.9812675091307534,229,0.019540916460448844
classix,rich,deployment_acceptable,classix_r0.75_m10_density,"{""group_merging"":""density"",""mergeScale"":1.5,""mergeTinyGroups"":true,""metric"":""euclidean"",""minPts"":10,""post_alloc"":false,""radius"":0.75,""sorting"":""pca""}",0.01,20260807,3,0.8981900452488688,0.2913292488475996,0.8588031379304016,1520.2176194563012,0.9958899375959327,0.9958899375959327,227,0.019370253434593396
classix,rich,deployment_acceptable,classix_r0.75_m10_density,"{""group_merging"":""density"",""mergeScale"":1.5,""mergeTinyGroups"":true,""metric"":""euclidean"",""minPts"":10,""post_alloc"":false,""radius"":0.75,""sorting"":""pca""}",0.01,20260808,3,0.8982061999303379,0.22750161230018726,1.0458370560226227,901.142975731686,0.961536473020287,0.961536473020287,235,0.020052905538015187
classix,rich,deployment_acceptable,classix_r0.75_m10_density,"{""group_merging"":""density"",""mergeScale"":1.5,""mergeTinyGroups"":true,""metric"":""euclidean"",""minPts"":10,""post_alloc"":false,""radius"":0.75,""sorting"":""pca""}",0.01,20260809,4,0.8953690807799443,0.2361593517622291,0.8508699524464192,1050.5113142835658,0.9799879507613263,0.9799879507613263,231,0.019711579486304292
classix,rich,deployment_acceptable,classix_r0.75_m10_density,"{""group_merging"":""density"",""mergeScale"":1.5,""mergeTinyGroups"":true,""metric"":""euclidean"",""minPts"":10,""post_alloc"":false,""radius"":0.75,""sorting"":""pca""}",0.01,20260810,4,0.8954197143852316,0.23589650944922347,0.8510153029467076,1051.0312881192046,0.9785946576477604,0.9785946576477604,235,0.020052905538015187
