algorithm,representation,selection,candidate_id,parameters,dropped_feature,n_features,n_clusters,largest_non_noise_cluster_share,silhouette,davies_bouldin,calinski_harabasz,ari,stability_ari,n_noise,noise_fraction
kmeans,rich,deployment_acceptable,kmeans_k04,"{""init"":""k-means++"",""n_clusters"":4,""n_init"":20}",purchase_recency_days,11,4,0.5787183206758256,0.3952415352366083,0.9544805531842416,4580.008570835328,0.9905283117268359,0.9905283117268359,0,0.0
kmeans,rich,deployment_acceptable,kmeans_k04,"{""init"":""k-means++"",""n_clusters"":4,""n_init"":20}",purchase_occasion_count,11,4,0.568990528202065,0.3496440943673575,1.1116474698751526,3897.507843431301,0.9370257976999291,0.9370257976999291,0,0.0
kmeans,rich,deployment_acceptable,kmeans_k04,"{""init"":""k-means++"",""n_clusters"":4,""n_init"":20}",purchase_event_count,11,4,0.579230309753392,0.36480470711782764,1.01305739914546,4054.46856352817,0.9846975598196122,0.9846975598196122,0,0.0
kmeans,rich,deployment_acceptable,kmeans_k04,"{""init"":""k-means++"",""n_clusters"":4,""n_init"":20}",total_events,11,4,0.5848621896066217,0.3651031108713342,1.0155688848835316,3972.075205388681,0.9533907380168797,0.9533907380168797,0,0.0
kmeans,rich,deployment_acceptable,kmeans_k04,"{""init"":""k-means++"",""n_clusters"":4,""n_init"":20}",active_days,11,4,0.5776943425206928,0.3440054221244595,1.0514807803461452,3768.902783327482,0.9752579709646364,0.9752579709646364,0,0.0
kmeans,rich,deployment_acceptable,kmeans_k04,"{""init"":""k-means++"",""n_clusters"":4,""n_init"":20}",cart_per_view,11,4,0.581704923628296,0.38270317658986946,0.9786173386305796,4564.435122142025,0.9741073793673082,0.9741073793673082,0,0.0
kmeans,rich,deployment_acceptable,kmeans_k04,"{""init"":""k-means++"",""n_clusters"":4,""n_init"":20}",transaction_per_view,11,4,0.586654151378104,0.38285698622475306,0.9813432679697146,4440.364535296127,0.9566053181436005,0.9566053181436005,0,0.0
kmeans,rich,deployment_acceptable,kmeans_k04,"{""init"":""k-means++"",""n_clusters"":4,""n_init"":20}",activity_span_days,11,4,0.5463776772762181,0.32102322164485175,1.1036186777109758,3627.7399064037977,0.8736384842198252,0.8736384842198252,0,0.0
kmeans,rich,deployment_acceptable,kmeans_k04,"{""init"":""k-means++"",""n_clusters"":4,""n_init"":20}",mean_interevent_hours,11,4,0.598685894700913,0.3354782225941458,1.0636660958300497,3770.0415173326264,0.8550179402457353,0.8550179402457353,0,0.0
kmeans,rich,deployment_acceptable,kmeans_k04,"{""init"":""k-means++"",""n_clusters"":4,""n_init"":20}",session_count_30m,11,4,0.5829848963222118,0.3533299940771637,1.0329670124601704,3824.143165671243,0.9581271858511093,0.9581271858511093,0,0.0
kmeans,rich,deployment_acceptable,kmeans_k04,"{""init"":""k-means++"",""n_clusters"":4,""n_init"":20}",distinct_top_categories,11,4,0.4980800409591262,0.27437097555967094,1.1902397775089733,3898.5279618387576,0.5159265270771367,0.5159265270771367,0,0.0
kmeans,rich,deployment_acceptable,kmeans_k04,"{""init"":""k-means++"",""n_clusters"":4,""n_init"":20}",top_category_share,11,4,0.5011519754245243,0.2844170098655093,1.1013824859036891,4375.886723459325,0.517026393173199,0.517026393173199,0,0.0
classix,rich,deployment_acceptable,classix_r0.75_m10_density,"{""group_merging"":""density"",""mergeScale"":1.5,""mergeTinyGroups"":true,""metric"":""euclidean"",""minPts"":10,""post_alloc"":false,""radius"":0.75,""sorting"":""pca""}",purchase_recency_days,11,5,0.8943033035636868,0.2582040786128757,0.7565836929530054,984.6745967829482,0.9543358733339894,0.9543358733339894,186,0.015871661404556703
classix,rich,deployment_acceptable,classix_r0.75_m10_density,"{""group_merging"":""density"",""mergeScale"":1.5,""mergeTinyGroups"":true,""metric"":""euclidean"",""minPts"":10,""post_alloc"":false,""radius"":0.75,""sorting"":""pca""}",purchase_occasion_count,11,3,0.8998704103671706,0.2355206881405532,0.9958604543879558,923.7554914762575,0.9442850978096599,0.9442850978096599,144,0.012287737861592285
classix,rich,deployment_acceptable,classix_r0.75_m10_density,"{""group_merging"":""density"",""mergeScale"":1.5,""mergeTinyGroups"":true,""metric"":""euclidean"",""minPts"":10,""post_alloc"":false,""radius"":0.75,""sorting"":""pca""}",purchase_event_count,11,4,0.8934788256690049,0.3072066122815246,0.981343087518338,1244.871614051887,0.9474052853553597,0.9474052853553597,172,0.014677020223568564
classix,rich,deployment_acceptable,classix_r0.75_m10_density,"{""group_merging"":""density"",""mergeScale"":1.5,""mergeTinyGroups"":true,""metric"":""euclidean"",""minPts"":10,""post_alloc"":false,""radius"":0.75,""sorting"":""pca""}",total_events,11,3,0.8977866852561869,0.2523195131076598,1.0073368698473102,998.9563985290429,0.955006327929116,0.955006327929116,243,0.02073555764143698
classix,rich,deployment_acceptable,classix_r0.75_m10_density,"{""group_merging"":""density"",""mergeScale"":1.5,""mergeTinyGroups"":true,""metric"":""euclidean"",""minPts"":10,""post_alloc"":false,""radius"":0.75,""sorting"":""pca""}",active_days,11,4,0.8972173913043479,0.24518985784741512,0.8593146989371985,726.476669746495,0.9529146262832008,0.9529146262832008,219,0.018687601331171602
classix,rich,deployment_acceptable,classix_r0.75_m10_density,"{""group_merging"":""density"",""mergeScale"":1.5,""mergeTinyGroups"":true,""metric"":""euclidean"",""minPts"":10,""post_alloc"":false,""radius"":0.75,""sorting"":""pca""}",cart_per_view,11,2,0.9005476832130749,0.307752896831662,1.0614094643711716,1899.6225520768676,0.9356946069479044,0.9356946069479044,216,0.01843160679238843
classix,rich,deployment_acceptable,classix_r0.75_m10_density,"{""group_merging"":""density"",""mergeScale"":1.5,""mergeTinyGroups"":true,""metric"":""euclidean"",""minPts"":10,""post_alloc"":false,""radius"":0.75,""sorting"":""pca""}",transaction_per_view,11,5,0.8943784916201117,0.2878801869456269,0.8077664670853967,1059.3924681700523,0.9268538743630385,0.9268538743630385,263,0.022442187899991466
classix,rich,deployment_acceptable,classix_r0.75_m10_density,"{""group_merging"":""density"",""mergeScale"":1.5,""mergeTinyGroups"":true,""metric"":""euclidean"",""minPts"":10,""post_alloc"":false,""radius"":0.75,""sorting"":""pca""}",activity_span_days,11,3,0.9000695773177944,0.3051045885498194,0.8680900776680526,1080.4982301515465,0.9636098717148334,0.9636098717148334,221,0.01885826435702705
classix,rich,deployment_acceptable,classix_r0.75_m10_density,"{""group_merging"":""density"",""mergeScale"":1.5,""mergeTinyGroups"":true,""metric"":""euclidean"",""minPts"":10,""post_alloc"":false,""radius"":0.75,""sorting"":""pca""}",mean_interevent_hours,11,4,0.8951866062085804,0.270541905156416,0.8024283142245936,1214.7370260066662,0.9666118434438445,0.9666118434438445,251,0.021418209744858776
classix,rich,deployment_acceptable,classix_r0.75_m10_density,"{""group_merging"":""density"",""mergeScale"":1.5,""mergeTinyGroups"":true,""metric"":""euclidean"",""minPts"":10,""post_alloc"":false,""radius"":0.75,""sorting"":""pca""}",session_count_30m,11,2,0.9007129194922622,0.30264615664665734,1.1033916296738078,1866.8108527821792,0.9664066717546226,0.9664066717546226,217,0.018516938305316154
classix,rich,deployment_acceptable,classix_r0.75_m10_density,"{""group_merging"":""density"",""mergeScale"":1.5,""mergeTinyGroups"":true,""metric"":""euclidean"",""minPts"":10,""post_alloc"":false,""radius"":0.75,""sorting"":""pca""}",distinct_top_categories,11,2,0.9988727020464794,0.6564695323157652,0.42533559459559267,176.12715201059567,0.1889982571984646,0.1889982571984646,187,0.01595699291748443
classix,rich,deployment_acceptable,classix_r0.75_m10_density,"{""group_merging"":""density"",""mergeScale"":1.5,""mergeTinyGroups"":true,""metric"":""euclidean"",""minPts"":10,""post_alloc"":false,""radius"":0.75,""sorting"":""pca""}",top_category_share,11,3,0.9942653575462681,0.27008775835018406,0.6653647850618823,601.0724595522023,0.2376742783671117,0.2376742783671117,210,0.017919617714822082
