amendment_id,grid_scope,representation,method,candidate_id,parameters,n_samples,n_clusters,n_clusters_including_noise,n_noise,noise_fraction,largest_non_noise_cluster_share,internal_valid,silhouette,davies_bouldin,calinski_harabasz,runtime_seconds,cluster_sizes,n_clusters_excluding_noise
CLASSIX_RADIUS_UPPER_EXTENSION_1,supplementary_upper_radius_extension,compact,classix,classix_ext_r1.80_m1_distance,"{""group_merging"":""distance"",""mergeScale"":1.5,""mergeTinyGroups"":true,""metric"":""euclidean"",""minPts"":1,""post_alloc"":false,""radius"":1.8,""sorting"":""pca""}",11719,3,3,0,0.0,0.9995733424353613,True,0.7764818170675138,0.20930082209593723,254.1938173880947,0.004600583983119577,"{""0"":3,""1"":11714,""2"":2}",3
CLASSIX_RADIUS_UPPER_EXTENSION_1,supplementary_upper_radius_extension,compact,classix,classix_ext_r1.80_m1_density,"{""group_merging"":""density"",""mergeScale"":1.5,""mergeTinyGroups"":true,""metric"":""euclidean"",""minPts"":1,""post_alloc"":false,""radius"":1.8,""sorting"":""pca""}",11719,8,8,0,0.0,0.9988906903319396,True,0.7627553168104128,0.33420706012380863,162.17465351436138,0.019853874982800335,"{""50"":1,""51"":1,""52"":1,""53"":4,""54"":2,""55"":3,""56"":1,""57"":11706}",8
CLASSIX_RADIUS_UPPER_EXTENSION_1,supplementary_upper_radius_extension,compact,classix,classix_ext_r1.80_m5_distance,"{""group_merging"":""distance"",""mergeScale"":1.5,""mergeTinyGroups"":true,""metric"":""euclidean"",""minPts"":5,""post_alloc"":false,""radius"":1.8,""sorting"":""pca""}",11719,1,1,0,0.0,1.0,False,,,,0.004149334039539099,"{""0"":11719}",1
CLASSIX_RADIUS_UPPER_EXTENSION_1,supplementary_upper_radius_extension,compact,classix,classix_ext_r1.80_m5_density,"{""group_merging"":""density"",""mergeScale"":1.5,""mergeTinyGroups"":true,""metric"":""euclidean"",""minPts"":5,""post_alloc"":false,""radius"":1.8,""sorting"":""pca""}",11719,1,2,13,0.0011093096680604147,1.0,False,,,,0.026239875005558133,"{""-1"":13,""57"":11706}",1
CLASSIX_RADIUS_UPPER_EXTENSION_1,supplementary_upper_radius_extension,compact,classix,classix_ext_r1.80_m10_distance,"{""group_merging"":""distance"",""mergeScale"":1.5,""mergeTinyGroups"":true,""metric"":""euclidean"",""minPts"":10,""post_alloc"":false,""radius"":1.8,""sorting"":""pca""}",11719,1,1,0,0.0,1.0,False,,,,0.006615250022150576,"{""0"":11719}",1
CLASSIX_RADIUS_UPPER_EXTENSION_1,supplementary_upper_radius_extension,compact,classix,classix_ext_r1.80_m10_density,"{""group_merging"":""density"",""mergeScale"":1.5,""mergeTinyGroups"":true,""metric"":""euclidean"",""minPts"":10,""post_alloc"":false,""radius"":1.8,""sorting"":""pca""}",11719,1,2,13,0.0011093096680604147,1.0,False,,,,0.03118141699815169,"{""-1"":13,""57"":11706}",1
CLASSIX_RADIUS_UPPER_EXTENSION_1,supplementary_upper_radius_extension,compact,classix,classix_ext_r1.85_m1_distance,"{""group_merging"":""distance"",""mergeScale"":1.5,""mergeTinyGroups"":true,""metric"":""euclidean"",""minPts"":1,""post_alloc"":false,""radius"":1.85,""sorting"":""pca""}",11719,3,3,0,0.0,0.9995733424353613,True,0.7764818170675138,0.20930082209593723,254.1938173880947,0.004699958022683859,"{""0"":3,""1"":11714,""2"":2}",3
CLASSIX_RADIUS_UPPER_EXTENSION_1,supplementary_upper_radius_extension,compact,classix,classix_ext_r1.85_m1_density,"{""group_merging"":""density"",""mergeScale"":1.5,""mergeTinyGroups"":true,""metric"":""euclidean"",""minPts"":1,""post_alloc"":false,""radius"":1.85,""sorting"":""pca""}",11719,8,8,0,0.0,0.9988906903319396,True,0.7627553168104128,0.33420706012380863,162.17465351436138,0.07962416700320318,"{""48"":1,""49"":1,""50"":1,""51"":4,""52"":2,""53"":3,""54"":1,""55"":11706}",8
CLASSIX_RADIUS_UPPER_EXTENSION_1,supplementary_upper_radius_extension,compact,classix,classix_ext_r1.85_m5_distance,"{""group_merging"":""distance"",""mergeScale"":1.5,""mergeTinyGroups"":true,""metric"":""euclidean"",""minPts"":5,""post_alloc"":false,""radius"":1.85,""sorting"":""pca""}",11719,1,1,0,0.0,1.0,False,,,,0.004142874968238175,"{""0"":11719}",1
CLASSIX_RADIUS_UPPER_EXTENSION_1,supplementary_upper_radius_extension,compact,classix,classix_ext_r1.85_m5_density,"{""group_merging"":""density"",""mergeScale"":1.5,""mergeTinyGroups"":true,""metric"":""euclidean"",""minPts"":5,""post_alloc"":false,""radius"":1.85,""sorting"":""pca""}",11719,1,2,13,0.0011093096680604147,1.0,False,,,,0.025166957988403738,"{""-1"":13,""55"":11706}",1
CLASSIX_RADIUS_UPPER_EXTENSION_1,supplementary_upper_radius_extension,compact,classix,classix_ext_r1.85_m10_distance,"{""group_merging"":""distance"",""mergeScale"":1.5,""mergeTinyGroups"":true,""metric"":""euclidean"",""minPts"":10,""post_alloc"":false,""radius"":1.85,""sorting"":""pca""}",11719,1,1,0,0.0,1.0,False,,,,0.0043120410409756005,"{""0"":11719}",1
CLASSIX_RADIUS_UPPER_EXTENSION_1,supplementary_upper_radius_extension,compact,classix,classix_ext_r1.85_m10_density,"{""group_merging"":""density"",""mergeScale"":1.5,""mergeTinyGroups"":true,""metric"":""euclidean"",""minPts"":10,""post_alloc"":false,""radius"":1.85,""sorting"":""pca""}",11719,1,2,13,0.0011093096680604147,1.0,False,,,,0.02714449999621138,"{""-1"":13,""55"":11706}",1
CLASSIX_RADIUS_UPPER_EXTENSION_1,supplementary_upper_radius_extension,compact,classix,classix_ext_r1.90_m1_distance,"{""group_merging"":""distance"",""mergeScale"":1.5,""mergeTinyGroups"":true,""metric"":""euclidean"",""minPts"":1,""post_alloc"":false,""radius"":1.9,""sorting"":""pca""}",11719,3,3,0,0.0,0.9995733424353613,True,0.7764818170675138,0.20930082209593723,254.1938173880947,0.0067497919662855566,"{""0"":3,""1"":11714,""2"":2}",3
CLASSIX_RADIUS_UPPER_EXTENSION_1,supplementary_upper_radius_extension,compact,classix,classix_ext_r1.90_m1_density,"{""group_merging"":""density"",""mergeScale"":1.5,""mergeTinyGroups"":true,""metric"":""euclidean"",""minPts"":1,""post_alloc"":false,""radius"":1.9,""sorting"":""pca""}",11719,7,7,0,0.0,0.9992320163836504,True,0.761871086366002,0.17971567760178495,127.2220943785755,0.018606500001624227,"{""48"":1,""49"":1,""50"":1,""51"":2,""52"":3,""53"":1,""54"":11710}",7
CLASSIX_RADIUS_UPPER_EXTENSION_1,supplementary_upper_radius_extension,compact,classix,classix_ext_r1.90_m5_distance,"{""group_merging"":""distance"",""mergeScale"":1.5,""mergeTinyGroups"":true,""metric"":""euclidean"",""minPts"":5,""post_alloc"":false,""radius"":1.9,""sorting"":""pca""}",11719,1,1,0,0.0,1.0,False,,,,0.0032931669848039746,"{""0"":11719}",1
CLASSIX_RADIUS_UPPER_EXTENSION_1,supplementary_upper_radius_extension,compact,classix,classix_ext_r1.90_m5_density,"{""group_merging"":""density"",""mergeScale"":1.5,""mergeTinyGroups"":true,""metric"":""euclidean"",""minPts"":5,""post_alloc"":false,""radius"":1.9,""sorting"":""pca""}",11719,1,2,9,0.0007679836163495178,1.0,False,,,,0.027319041022565216,"{""-1"":9,""54"":11710}",1
CLASSIX_RADIUS_UPPER_EXTENSION_1,supplementary_upper_radius_extension,compact,classix,classix_ext_r1.90_m10_distance,"{""group_merging"":""distance"",""mergeScale"":1.5,""mergeTinyGroups"":true,""metric"":""euclidean"",""minPts"":10,""post_alloc"":false,""radius"":1.9,""sorting"":""pca""}",11719,1,1,0,0.0,1.0,False,,,,0.003334375040140003,"{""0"":11719}",1
CLASSIX_RADIUS_UPPER_EXTENSION_1,supplementary_upper_radius_extension,compact,classix,classix_ext_r1.90_m10_density,"{""group_merging"":""density"",""mergeScale"":1.5,""mergeTinyGroups"":true,""metric"":""euclidean"",""minPts"":10,""post_alloc"":false,""radius"":1.9,""sorting"":""pca""}",11719,1,2,9,0.0007679836163495178,1.0,False,,,,0.026630708016455173,"{""-1"":9,""54"":11710}",1
CLASSIX_RADIUS_UPPER_EXTENSION_1,supplementary_upper_radius_extension,compact,classix,classix_ext_r1.95_m1_distance,"{""group_merging"":""distance"",""mergeScale"":1.5,""mergeTinyGroups"":true,""metric"":""euclidean"",""minPts"":1,""post_alloc"":false,""radius"":1.95,""sorting"":""pca""}",11719,3,3,0,0.0,0.9995733424353613,True,0.7764818170675138,0.20930082209593723,254.1938173880947,0.003201582992915064,"{""0"":3,""1"":11714,""2"":2}",3
CLASSIX_RADIUS_UPPER_EXTENSION_1,supplementary_upper_radius_extension,compact,classix,classix_ext_r1.95_m1_density,"{""group_merging"":""density"",""mergeScale"":1.5,""mergeTinyGroups"":true,""metric"":""euclidean"",""minPts"":1,""post_alloc"":false,""radius"":1.95,""sorting"":""pca""}",11719,7,7,0,0.0,0.9988053588190119,True,0.7633546137425293,0.33236172118956253,205.31600480547482,0.02209049998782575,"{""46"":1,""47"":1,""48"":1,""49"":5,""50"":5,""51"":1,""52"":11705}",7
CLASSIX_RADIUS_UPPER_EXTENSION_1,supplementary_upper_radius_extension,compact,classix,classix_ext_r1.95_m5_distance,"{""group_merging"":""distance"",""mergeScale"":1.5,""mergeTinyGroups"":true,""metric"":""euclidean"",""minPts"":5,""post_alloc"":false,""radius"":1.95,""sorting"":""pca""}",11719,1,1,0,0.0,1.0,False,,,,0.007115625019650906,"{""0"":11719}",1
CLASSIX_RADIUS_UPPER_EXTENSION_1,supplementary_upper_radius_extension,compact,classix,classix_ext_r1.95_m5_density,"{""group_merging"":""density"",""mergeScale"":1.5,""mergeTinyGroups"":true,""metric"":""euclidean"",""minPts"":5,""post_alloc"":false,""radius"":1.95,""sorting"":""pca""}",11719,3,4,4,0.0003413260517108968,0.9991463935125907,True,0.8581394759673836,0.4951047422207259,356.9894271923962,0.0229817500221543,"{""-1"":4,""49"":5,""50"":5,""52"":11705}",3
CLASSIX_RADIUS_UPPER_EXTENSION_1,supplementary_upper_radius_extension,compact,classix,classix_ext_r1.95_m10_distance,"{""group_merging"":""distance"",""mergeScale"":1.5,""mergeTinyGroups"":true,""metric"":""euclidean"",""minPts"":10,""post_alloc"":false,""radius"":1.95,""sorting"":""pca""}",11719,1,1,0,0.0,1.0,False,,,,0.0032725000055506825,"{""0"":11719}",1
CLASSIX_RADIUS_UPPER_EXTENSION_1,supplementary_upper_radius_extension,compact,classix,classix_ext_r1.95_m10_density,"{""group_merging"":""density"",""mergeScale"":1.5,""mergeTinyGroups"":true,""metric"":""euclidean"",""minPts"":10,""post_alloc"":false,""radius"":1.95,""sorting"":""pca""}",11719,1,2,14,0.001194641180988139,1.0,False,,,,0.02421454095747322,"{""-1"":14,""52"":11705}",1
CLASSIX_RADIUS_UPPER_EXTENSION_1,supplementary_upper_radius_extension,compact,classix,classix_ext_r2.00_m1_distance,"{""group_merging"":""distance"",""mergeScale"":1.5,""mergeTinyGroups"":true,""metric"":""euclidean"",""minPts"":1,""post_alloc"":false,""radius"":2.0,""sorting"":""pca""}",11719,3,3,0,0.0,0.9995733424353613,True,0.7764818170675138,0.20930082209593723,254.1938173880947,0.005577750038355589,"{""0"":3,""1"":11714,""2"":2}",3
CLASSIX_RADIUS_UPPER_EXTENSION_1,supplementary_upper_radius_extension,compact,classix,classix_ext_r2.00_m1_density,"{""group_merging"":""density"",""mergeScale"":1.5,""mergeTinyGroups"":true,""metric"":""euclidean"",""minPts"":1,""post_alloc"":false,""radius"":2.0,""sorting"":""pca""}",11719,6,6,0,0.0,0.999061353357795,True,0.7616393407704106,0.26983916996685764,160.66994125158269,0.023028875002637506,"{""42"":1,""43"":2,""44"":5,""45"":2,""46"":1,""47"":11708}",6
CLASSIX_RADIUS_UPPER_EXTENSION_1,supplementary_upper_radius_extension,compact,classix,classix_ext_r2.00_m5_distance,"{""group_merging"":""distance"",""mergeScale"":1.5,""mergeTinyGroups"":true,""metric"":""euclidean"",""minPts"":5,""post_alloc"":false,""radius"":2.0,""sorting"":""pca""}",11719,1,1,0,0.0,1.0,False,,,,0.0067864160519093275,"{""0"":11719}",1
CLASSIX_RADIUS_UPPER_EXTENSION_1,supplementary_upper_radius_extension,compact,classix,classix_ext_r2.00_m5_density,"{""group_merging"":""density"",""mergeScale"":1.5,""mergeTinyGroups"":true,""metric"":""euclidean"",""minPts"":5,""post_alloc"":false,""radius"":2.0,""sorting"":""pca""}",11719,2,3,6,0.0005119890775663453,0.9995731238794502,True,0.8577126335882327,0.19281374398882775,262.8527033946948,0.01329129101941362,"{""-1"":6,""44"":5,""47"":11708}",2
CLASSIX_RADIUS_UPPER_EXTENSION_1,supplementary_upper_radius_extension,compact,classix,classix_ext_r2.00_m10_distance,"{""group_merging"":""distance"",""mergeScale"":1.5,""mergeTinyGroups"":true,""metric"":""euclidean"",""minPts"":10,""post_alloc"":false,""radius"":2.0,""sorting"":""pca""}",11719,1,1,0,0.0,1.0,False,,,,0.005720209039282054,"{""0"":11719}",1
CLASSIX_RADIUS_UPPER_EXTENSION_1,supplementary_upper_radius_extension,compact,classix,classix_ext_r2.00_m10_density,"{""group_merging"":""density"",""mergeScale"":1.5,""mergeTinyGroups"":true,""metric"":""euclidean"",""minPts"":10,""post_alloc"":false,""radius"":2.0,""sorting"":""pca""}",11719,1,2,11,0.0009386466422049663,1.0,False,,,,0.016551125037949532,"{""-1"":11,""47"":11708}",1
CLASSIX_RADIUS_UPPER_EXTENSION_1,supplementary_upper_radius_extension,compact,classix,classix_ext_r2.05_m1_distance,"{""group_merging"":""distance"",""mergeScale"":1.5,""mergeTinyGroups"":true,""metric"":""euclidean"",""minPts"":1,""post_alloc"":false,""radius"":2.05,""sorting"":""pca""}",11719,3,3,0,0.0,0.9995733424353613,True,0.7764818170675138,0.20930082209593723,254.1938173880947,0.005253124982118607,"{""0"":3,""1"":11714,""2"":2}",3
CLASSIX_RADIUS_UPPER_EXTENSION_1,supplementary_upper_radius_extension,compact,classix,classix_ext_r2.05_m1_density,"{""group_merging"":""density"",""mergeScale"":1.5,""mergeTinyGroups"":true,""metric"":""euclidean"",""minPts"":1,""post_alloc"":false,""radius"":2.05,""sorting"":""pca""}",11719,5,5,0,0.0,0.9992320163836504,True,0.7623776830106864,0.2519028959503669,190.13032510368296,0.01666262501385063,"{""39"":1,""40"":2,""41"":5,""42"":1,""43"":11710}",5
CLASSIX_RADIUS_UPPER_EXTENSION_1,supplementary_upper_radius_extension,compact,classix,classix_ext_r2.05_m5_distance,"{""group_merging"":""distance"",""mergeScale"":1.5,""mergeTinyGroups"":true,""metric"":""euclidean"",""minPts"":5,""post_alloc"":false,""radius"":2.05,""sorting"":""pca""}",11719,1,1,0,0.0,1.0,False,,,,0.007376791967544705,"{""0"":11719}",1
CLASSIX_RADIUS_UPPER_EXTENSION_1,supplementary_upper_radius_extension,compact,classix,classix_ext_r2.05_m5_density,"{""group_merging"":""density"",""mergeScale"":1.5,""mergeTinyGroups"":true,""metric"":""euclidean"",""minPts"":5,""post_alloc"":false,""radius"":2.05,""sorting"":""pca""}",11719,2,3,4,0.0003413260517108968,0.9995731967562953,True,0.8575119403167235,0.1929437222713496,261.95231105111236,0.13087125000311062,"{""-1"":4,""41"":5,""43"":11710}",2
CLASSIX_RADIUS_UPPER_EXTENSION_1,supplementary_upper_radius_extension,compact,classix,classix_ext_r2.05_m10_distance,"{""group_merging"":""distance"",""mergeScale"":1.5,""mergeTinyGroups"":true,""metric"":""euclidean"",""minPts"":10,""post_alloc"":false,""radius"":2.05,""sorting"":""pca""}",11719,1,1,0,0.0,1.0,False,,,,0.0037538339965976775,"{""0"":11719}",1
CLASSIX_RADIUS_UPPER_EXTENSION_1,supplementary_upper_radius_extension,compact,classix,classix_ext_r2.05_m10_density,"{""group_merging"":""density"",""mergeScale"":1.5,""mergeTinyGroups"":true,""metric"":""euclidean"",""minPts"":10,""post_alloc"":false,""radius"":2.05,""sorting"":""pca""}",11719,1,2,9,0.0007679836163495178,1.0,False,,,,0.06394458399154246,"{""-1"":9,""43"":11710}",1
CLASSIX_RADIUS_UPPER_EXTENSION_1,supplementary_upper_radius_extension,compact,classix,classix_ext_r2.10_m1_distance,"{""group_merging"":""distance"",""mergeScale"":1.5,""mergeTinyGroups"":true,""metric"":""euclidean"",""minPts"":1,""post_alloc"":false,""radius"":2.1,""sorting"":""pca""}",11719,3,3,0,0.0,0.9991466848707228,True,0.8835460115480653,0.3700942203656614,527.356858806146,0.007938999973703176,"{""0"":3,""1"":11709,""2"":7}",3
CLASSIX_RADIUS_UPPER_EXTENSION_1,supplementary_upper_radius_extension,compact,classix,classix_ext_r2.10_m1_density,"{""group_merging"":""density"",""mergeScale"":1.5,""mergeTinyGroups"":true,""metric"":""euclidean"",""minPts"":1,""post_alloc"":false,""radius"":2.1,""sorting"":""pca""}",11719,5,5,0,0.0,0.9988053588190119,True,0.7638400396632795,0.3338195248942656,304.3663794545538,0.16166745795635507,"{""38"":1,""39"":2,""40"":10,""41"":1,""42"":11705}",5
CLASSIX_RADIUS_UPPER_EXTENSION_1,supplementary_upper_radius_extension,compact,classix,classix_ext_r2.10_m5_distance,"{""group_merging"":""distance"",""mergeScale"":1.5,""mergeTinyGroups"":true,""metric"":""euclidean"",""minPts"":5,""post_alloc"":false,""radius"":2.1,""sorting"":""pca""}",11719,2,2,0,0.0,0.9991466848707228,True,0.8967890831542351,0.2432978471686593,1021.1817881328042,0.007803750049788505,"{""0"":11709,""1"":10}",2
CLASSIX_RADIUS_UPPER_EXTENSION_1,supplementary_upper_radius_extension,compact,classix,classix_ext_r2.10_m5_density,"{""group_merging"":""density"",""mergeScale"":1.5,""mergeTinyGroups"":true,""metric"":""euclidean"",""minPts"":5,""post_alloc"":false,""radius"":2.1,""sorting"":""pca""}",11719,2,3,4,0.0003413260517108968,0.9991463935125907,True,0.8753753717709974,0.23359865701681815,700.6196078479079,0.016422250017058104,"{""-1"":4,""40"":10,""42"":11705}",2
CLASSIX_RADIUS_UPPER_EXTENSION_1,supplementary_upper_radius_extension,compact,classix,classix_ext_r2.10_m10_distance,"{""group_merging"":""distance"",""mergeScale"":1.5,""mergeTinyGroups"":true,""metric"":""euclidean"",""minPts"":10,""post_alloc"":false,""radius"":2.1,""sorting"":""pca""}",11719,1,1,0,0.0,1.0,False,,,,0.0031737079843878746,"{""0"":11719}",1
CLASSIX_RADIUS_UPPER_EXTENSION_1,supplementary_upper_radius_extension,compact,classix,classix_ext_r2.10_m10_density,"{""group_merging"":""density"",""mergeScale"":1.5,""mergeTinyGroups"":true,""metric"":""euclidean"",""minPts"":10,""post_alloc"":false,""radius"":2.1,""sorting"":""pca""}",11719,2,3,4,0.0003413260517108968,0.9991463935125907,True,0.8753753717709974,0.23359865701681815,700.6196078479079,0.023190500040072948,"{""-1"":4,""40"":10,""42"":11705}",2
CLASSIX_RADIUS_UPPER_EXTENSION_1,supplementary_upper_radius_extension,compact,classix,classix_ext_r2.15_m1_distance,"{""group_merging"":""distance"",""mergeScale"":1.5,""mergeTinyGroups"":true,""metric"":""euclidean"",""minPts"":1,""post_alloc"":false,""radius"":2.15,""sorting"":""pca""}",11719,3,3,0,0.0,0.9991466848707228,True,0.8835460115480653,0.3700942203656614,527.356858806146,0.0034812079975381494,"{""0"":3,""1"":11709,""2"":7}",3
CLASSIX_RADIUS_UPPER_EXTENSION_1,supplementary_upper_radius_extension,compact,classix,classix_ext_r2.15_m1_density,"{""group_merging"":""density"",""mergeScale"":1.5,""mergeTinyGroups"":true,""metric"":""euclidean"",""minPts"":1,""post_alloc"":false,""radius"":2.15,""sorting"":""pca""}",11719,5,5,0,0.0,0.9988053588190119,True,0.7638400396632795,0.3338195248942656,304.3663794545538,0.017103791993577033,"{""35"":1,""36"":2,""37"":10,""38"":1,""39"":11705}",5
CLASSIX_RADIUS_UPPER_EXTENSION_1,supplementary_upper_radius_extension,compact,classix,classix_ext_r2.15_m5_distance,"{""group_merging"":""distance"",""mergeScale"":1.5,""mergeTinyGroups"":true,""metric"":""euclidean"",""minPts"":5,""post_alloc"":false,""radius"":2.15,""sorting"":""pca""}",11719,2,2,0,0.0,0.9991466848707228,True,0.8967890831542351,0.2432978471686593,1021.1817881328042,0.003776624973397702,"{""0"":11709,""1"":10}",2
CLASSIX_RADIUS_UPPER_EXTENSION_1,supplementary_upper_radius_extension,compact,classix,classix_ext_r2.15_m5_density,"{""group_merging"":""density"",""mergeScale"":1.5,""mergeTinyGroups"":true,""metric"":""euclidean"",""minPts"":5,""post_alloc"":false,""radius"":2.15,""sorting"":""pca""}",11719,2,3,4,0.0003413260517108968,0.9991463935125907,True,0.8753753717709974,0.23359865701681815,700.6196078479079,0.022419334040023386,"{""-1"":4,""37"":10,""39"":11705}",2
CLASSIX_RADIUS_UPPER_EXTENSION_1,supplementary_upper_radius_extension,compact,classix,classix_ext_r2.15_m10_distance,"{""group_merging"":""distance"",""mergeScale"":1.5,""mergeTinyGroups"":true,""metric"":""euclidean"",""minPts"":10,""post_alloc"":false,""radius"":2.15,""sorting"":""pca""}",11719,1,1,0,0.0,1.0,False,,,,0.006507583020720631,"{""0"":11719}",1
CLASSIX_RADIUS_UPPER_EXTENSION_1,supplementary_upper_radius_extension,compact,classix,classix_ext_r2.15_m10_density,"{""group_merging"":""density"",""mergeScale"":1.5,""mergeTinyGroups"":true,""metric"":""euclidean"",""minPts"":10,""post_alloc"":false,""radius"":2.15,""sorting"":""pca""}",11719,2,3,4,0.0003413260517108968,0.9991463935125907,True,0.8753753717709974,0.23359865701681815,700.6196078479079,0.0161367499968037,"{""-1"":4,""37"":10,""39"":11705}",2
CLASSIX_RADIUS_UPPER_EXTENSION_1,supplementary_upper_radius_extension,compact,classix,classix_ext_r2.20_m1_distance,"{""group_merging"":""distance"",""mergeScale"":1.5,""mergeTinyGroups"":true,""metric"":""euclidean"",""minPts"":1,""post_alloc"":false,""radius"":2.2,""sorting"":""pca""}",11719,3,3,0,0.0,0.9991466848707228,True,0.8835460115480653,0.3700942203656614,527.356858806146,0.003022165969014168,"{""0"":3,""1"":11709,""2"":7}",3
CLASSIX_RADIUS_UPPER_EXTENSION_1,supplementary_upper_radius_extension,compact,classix,classix_ext_r2.20_m1_density,"{""group_merging"":""density"",""mergeScale"":1.5,""mergeTinyGroups"":true,""metric"":""euclidean"",""minPts"":1,""post_alloc"":false,""radius"":2.2,""sorting"":""pca""}",11719,5,5,0,0.0,0.9988053588190119,True,0.7638400396632795,0.3338195248942656,304.3663794545538,0.01574516703840345,"{""35"":1,""36"":2,""37"":10,""38"":1,""39"":11705}",5
CLASSIX_RADIUS_UPPER_EXTENSION_1,supplementary_upper_radius_extension,compact,classix,classix_ext_r2.20_m5_distance,"{""group_merging"":""distance"",""mergeScale"":1.5,""mergeTinyGroups"":true,""metric"":""euclidean"",""minPts"":5,""post_alloc"":false,""radius"":2.2,""sorting"":""pca""}",11719,2,2,0,0.0,0.9991466848707228,True,0.8967890831542351,0.2432978471686593,1021.1817881328042,0.00870674999896437,"{""0"":11709,""1"":10}",2
CLASSIX_RADIUS_UPPER_EXTENSION_1,supplementary_upper_radius_extension,compact,classix,classix_ext_r2.20_m5_density,"{""group_merging"":""density"",""mergeScale"":1.5,""mergeTinyGroups"":true,""metric"":""euclidean"",""minPts"":5,""post_alloc"":false,""radius"":2.2,""sorting"":""pca""}",11719,2,3,4,0.0003413260517108968,0.9991463935125907,True,0.8753753717709974,0.23359865701681815,700.6196078479079,0.014267000020481646,"{""-1"":4,""37"":10,""39"":11705}",2
CLASSIX_RADIUS_UPPER_EXTENSION_1,supplementary_upper_radius_extension,compact,classix,classix_ext_r2.20_m10_distance,"{""group_merging"":""distance"",""mergeScale"":1.5,""mergeTinyGroups"":true,""metric"":""euclidean"",""minPts"":10,""post_alloc"":false,""radius"":2.2,""sorting"":""pca""}",11719,1,1,0,0.0,1.0,False,,,,0.007487208000384271,"{""0"":11719}",1
CLASSIX_RADIUS_UPPER_EXTENSION_1,supplementary_upper_radius_extension,compact,classix,classix_ext_r2.20_m10_density,"{""group_merging"":""density"",""mergeScale"":1.5,""mergeTinyGroups"":true,""metric"":""euclidean"",""minPts"":10,""post_alloc"":false,""radius"":2.2,""sorting"":""pca""}",11719,2,3,4,0.0003413260517108968,0.9991463935125907,True,0.8753753717709974,0.23359865701681815,700.6196078479079,0.019614415999967605,"{""-1"":4,""37"":10,""39"":11705}",2
CLASSIX_RADIUS_UPPER_EXTENSION_1,supplementary_upper_radius_extension,compact,classix,classix_ext_r2.25_m1_distance,"{""group_merging"":""distance"",""mergeScale"":1.5,""mergeTinyGroups"":true,""metric"":""euclidean"",""minPts"":1,""post_alloc"":false,""radius"":2.25,""sorting"":""pca""}",11719,2,2,0,0.0,0.9997440054612168,True,0.9172909196064093,0.12341500170001994,467.5621771892338,0.006261040980461985,"{""0"":3,""1"":11716}",2
CLASSIX_RADIUS_UPPER_EXTENSION_1,supplementary_upper_radius_extension,compact,classix,classix_ext_r2.25_m1_density,"{""group_merging"":""density"",""mergeScale"":1.5,""mergeTinyGroups"":true,""metric"":""euclidean"",""minPts"":1,""post_alloc"":false,""radius"":2.25,""sorting"":""pca""}",11719,4,4,0,0.0,0.9996586739482891,True,0.7625108353692078,0.24706439603839758,162.56522706087492,0.01055420795455575,"{""36"":1,""37"":2,""38"":1,""39"":11715}",4
CLASSIX_RADIUS_UPPER_EXTENSION_1,supplementary_upper_radius_extension,compact,classix,classix_ext_r2.25_m5_distance,"{""group_merging"":""distance"",""mergeScale"":1.5,""mergeTinyGroups"":true,""metric"":""euclidean"",""minPts"":5,""post_alloc"":false,""radius"":2.25,""sorting"":""pca""}",11719,1,1,0,0.0,1.0,False,,,,0.006358332990203053,"{""0"":11719}",1
CLASSIX_RADIUS_UPPER_EXTENSION_1,supplementary_upper_radius_extension,compact,classix,classix_ext_r2.25_m5_density,"{""group_merging"":""density"",""mergeScale"":1.5,""mergeTinyGroups"":true,""metric"":""euclidean"",""minPts"":5,""post_alloc"":false,""radius"":2.25,""sorting"":""pca""}",11719,1,2,4,0.0003413260517108968,1.0,False,,,,0.01860466704238206,"{""-1"":4,""39"":11715}",1
CLASSIX_RADIUS_UPPER_EXTENSION_1,supplementary_upper_radius_extension,compact,classix,classix_ext_r2.25_m10_distance,"{""group_merging"":""distance"",""mergeScale"":1.5,""mergeTinyGroups"":true,""metric"":""euclidean"",""minPts"":10,""post_alloc"":false,""radius"":2.25,""sorting"":""pca""}",11719,1,1,0,0.0,1.0,False,,,,0.0063389589777216315,"{""0"":11719}",1
CLASSIX_RADIUS_UPPER_EXTENSION_1,supplementary_upper_radius_extension,compact,classix,classix_ext_r2.25_m10_density,"{""group_merging"":""density"",""mergeScale"":1.5,""mergeTinyGroups"":true,""metric"":""euclidean"",""minPts"":10,""post_alloc"":false,""radius"":2.25,""sorting"":""pca""}",11719,1,2,4,0.0003413260517108968,1.0,False,,,,0.028078041970729828,"{""-1"":4,""39"":11715}",1
CLASSIX_RADIUS_UPPER_EXTENSION_1,supplementary_upper_radius_extension,rich,classix,classix_ext_r1.80_m1_distance,"{""group_merging"":""distance"",""mergeScale"":1.5,""mergeTinyGroups"":true,""metric"":""euclidean"",""minPts"":1,""post_alloc"":false,""radius"":1.8,""sorting"":""pca""}",11719,2,2,0,0.0,0.9998293369741446,True,0.8012497932135435,0.28118870048751377,74.64318900339872,0.006064000015612692,"{""0"":11717,""1"":2}",2
CLASSIX_RADIUS_UPPER_EXTENSION_1,supplementary_upper_radius_extension,rich,classix,classix_ext_r1.80_m1_density,"{""group_merging"":""density"",""mergeScale"":1.5,""mergeTinyGroups"":true,""metric"":""euclidean"",""minPts"":1,""post_alloc"":false,""radius"":1.8,""sorting"":""pca""}",11719,6,6,0,0.0,0.9994026794095059,True,0.555340772780875,0.346506578739628,34.49135532615712,0.06748783303191885,"{""57"":1,""58"":3,""59"":11712,""60"":1,""61"":1,""62"":1}",6
CLASSIX_RADIUS_UPPER_EXTENSION_1,supplementary_upper_radius_extension,rich,classix,classix_ext_r1.80_m5_distance,"{""group_merging"":""distance"",""mergeScale"":1.5,""mergeTinyGroups"":true,""metric"":""euclidean"",""minPts"":5,""post_alloc"":false,""radius"":1.8,""sorting"":""pca""}",11719,1,1,0,0.0,1.0,False,,,,0.008607124967966229,"{""0"":11719}",1
CLASSIX_RADIUS_UPPER_EXTENSION_1,supplementary_upper_radius_extension,rich,classix,classix_ext_r1.80_m5_density,"{""group_merging"":""density"",""mergeScale"":1.5,""mergeTinyGroups"":true,""metric"":""euclidean"",""minPts"":5,""post_alloc"":false,""radius"":1.8,""sorting"":""pca""}",11719,1,2,7,0.0005973205904940695,1.0,False,,,,0.07009366696001962,"{""-1"":7,""59"":11712}",1
CLASSIX_RADIUS_UPPER_EXTENSION_1,supplementary_upper_radius_extension,rich,classix,classix_ext_r1.80_m10_distance,"{""group_merging"":""distance"",""mergeScale"":1.5,""mergeTinyGroups"":true,""metric"":""euclidean"",""minPts"":10,""post_alloc"":false,""radius"":1.8,""sorting"":""pca""}",11719,1,1,0,0.0,1.0,False,,,,0.012131874973420054,"{""0"":11719}",1
CLASSIX_RADIUS_UPPER_EXTENSION_1,supplementary_upper_radius_extension,rich,classix,classix_ext_r1.80_m10_density,"{""group_merging"":""density"",""mergeScale"":1.5,""mergeTinyGroups"":true,""metric"":""euclidean"",""minPts"":10,""post_alloc"":false,""radius"":1.8,""sorting"":""pca""}",11719,1,2,7,0.0005973205904940695,1.0,False,,,,0.07047366601182148,"{""-1"":7,""59"":11712}",1
CLASSIX_RADIUS_UPPER_EXTENSION_1,supplementary_upper_radius_extension,rich,classix,classix_ext_r1.85_m1_distance,"{""group_merging"":""distance"",""mergeScale"":1.5,""mergeTinyGroups"":true,""metric"":""euclidean"",""minPts"":1,""post_alloc"":false,""radius"":1.85,""sorting"":""pca""}",11719,3,3,0,0.0,0.9997440054612168,True,0.7919012072365612,0.2978836820322499,54.757120258118235,0.006683000014163554,"{""0"":11716,""1"":2,""2"":1}",3
CLASSIX_RADIUS_UPPER_EXTENSION_1,supplementary_upper_radius_extension,rich,classix,classix_ext_r1.85_m1_density,"{""group_merging"":""density"",""mergeScale"":1.5,""mergeTinyGroups"":true,""metric"":""euclidean"",""minPts"":1,""post_alloc"":false,""radius"":1.85,""sorting"":""pca""}",11719,5,5,0,0.0,0.9996586739482891,True,0.5549468489968499,0.219199780257193,29.461244993639536,0.04989887500414625,"{""49"":1,""50"":11715,""51"":1,""52"":1,""53"":1}",5
CLASSIX_RADIUS_UPPER_EXTENSION_1,supplementary_upper_radius_extension,rich,classix,classix_ext_r1.85_m5_distance,"{""group_merging"":""distance"",""mergeScale"":1.5,""mergeTinyGroups"":true,""metric"":""euclidean"",""minPts"":5,""post_alloc"":false,""radius"":1.85,""sorting"":""pca""}",11719,1,1,0,0.0,1.0,False,,,,0.013039999990724027,"{""0"":11719}",1
CLASSIX_RADIUS_UPPER_EXTENSION_1,supplementary_upper_radius_extension,rich,classix,classix_ext_r1.85_m5_density,"{""group_merging"":""density"",""mergeScale"":1.5,""mergeTinyGroups"":true,""metric"":""euclidean"",""minPts"":5,""post_alloc"":false,""radius"":1.85,""sorting"":""pca""}",11719,1,2,4,0.0003413260517108968,1.0,False,,,,0.05393741704756394,"{""-1"":4,""50"":11715}",1
CLASSIX_RADIUS_UPPER_EXTENSION_1,supplementary_upper_radius_extension,rich,classix,classix_ext_r1.85_m10_distance,"{""group_merging"":""distance"",""mergeScale"":1.5,""mergeTinyGroups"":true,""metric"":""euclidean"",""minPts"":10,""post_alloc"":false,""radius"":1.85,""sorting"":""pca""}",11719,1,1,0,0.0,1.0,False,,,,0.00627691694535315,"{""0"":11719}",1
CLASSIX_RADIUS_UPPER_EXTENSION_1,supplementary_upper_radius_extension,rich,classix,classix_ext_r1.85_m10_density,"{""group_merging"":""density"",""mergeScale"":1.5,""mergeTinyGroups"":true,""metric"":""euclidean"",""minPts"":10,""post_alloc"":false,""radius"":1.85,""sorting"":""pca""}",11719,1,2,4,0.0003413260517108968,1.0,False,,,,0.05665341694839299,"{""-1"":4,""50"":11715}",1
CLASSIX_RADIUS_UPPER_EXTENSION_1,supplementary_upper_radius_extension,rich,classix,classix_ext_r1.90_m1_distance,"{""group_merging"":""distance"",""mergeScale"":1.5,""mergeTinyGroups"":true,""metric"":""euclidean"",""minPts"":1,""post_alloc"":false,""radius"":1.9,""sorting"":""pca""}",11719,2,2,0,0.0,0.9999146684870722,True,0.7916666580553993,0.14754311387855193,34.42860898735698,0.009511499956715852,"{""0"":11718,""1"":1}",2
CLASSIX_RADIUS_UPPER_EXTENSION_1,supplementary_upper_radius_extension,rich,classix,classix_ext_r1.90_m1_density,"{""group_merging"":""density"",""mergeScale"":1.5,""mergeTinyGroups"":true,""metric"":""euclidean"",""minPts"":1,""post_alloc"":false,""radius"":1.9,""sorting"":""pca""}",11719,5,5,0,0.0,0.9996586739482891,True,0.5549468489968499,0.219199780257193,29.461244993639536,0.0411784999887459,"{""47"":1,""48"":11715,""49"":1,""50"":1,""51"":1}",5
CLASSIX_RADIUS_UPPER_EXTENSION_1,supplementary_upper_radius_extension,rich,classix,classix_ext_r1.90_m5_distance,"{""group_merging"":""distance"",""mergeScale"":1.5,""mergeTinyGroups"":true,""metric"":""euclidean"",""minPts"":5,""post_alloc"":false,""radius"":1.9,""sorting"":""pca""}",11719,1,1,0,0.0,1.0,False,,,,0.01819987501949072,"{""0"":11719}",1
CLASSIX_RADIUS_UPPER_EXTENSION_1,supplementary_upper_radius_extension,rich,classix,classix_ext_r1.90_m5_density,"{""group_merging"":""density"",""mergeScale"":1.5,""mergeTinyGroups"":true,""metric"":""euclidean"",""minPts"":5,""post_alloc"":false,""radius"":1.9,""sorting"":""pca""}",11719,1,2,4,0.0003413260517108968,1.0,False,,,,0.04697445803321898,"{""-1"":4,""48"":11715}",1
CLASSIX_RADIUS_UPPER_EXTENSION_1,supplementary_upper_radius_extension,rich,classix,classix_ext_r1.90_m10_distance,"{""group_merging"":""distance"",""mergeScale"":1.5,""mergeTinyGroups"":true,""metric"":""euclidean"",""minPts"":10,""post_alloc"":false,""radius"":1.9,""sorting"":""pca""}",11719,1,1,0,0.0,1.0,False,,,,0.009385166980791837,"{""0"":11719}",1
CLASSIX_RADIUS_UPPER_EXTENSION_1,supplementary_upper_radius_extension,rich,classix,classix_ext_r1.90_m10_density,"{""group_merging"":""density"",""mergeScale"":1.5,""mergeTinyGroups"":true,""metric"":""euclidean"",""minPts"":10,""post_alloc"":false,""radius"":1.9,""sorting"":""pca""}",11719,1,2,4,0.0003413260517108968,1.0,False,,,,0.04515845899004489,"{""-1"":4,""48"":11715}",1
CLASSIX_RADIUS_UPPER_EXTENSION_1,supplementary_upper_radius_extension,rich,classix,classix_ext_r1.95_m1_distance,"{""group_merging"":""distance"",""mergeScale"":1.5,""mergeTinyGroups"":true,""metric"":""euclidean"",""minPts"":1,""post_alloc"":false,""radius"":1.95,""sorting"":""pca""}",11719,1,1,0,0.0,1.0,False,,,,0.005871083994861692,"{""0"":11719}",1
CLASSIX_RADIUS_UPPER_EXTENSION_1,supplementary_upper_radius_extension,rich,classix,classix_ext_r1.95_m1_density,"{""group_merging"":""density"",""mergeScale"":1.5,""mergeTinyGroups"":true,""metric"":""euclidean"",""minPts"":1,""post_alloc"":false,""radius"":1.95,""sorting"":""pca""}",11719,5,5,0,0.0,0.9994880109224337,True,0.7164064753728814,0.34946511945084513,41.38031970996483,0.039900458010379225,"{""43"":3,""44"":11713,""45"":1,""46"":1,""47"":1}",5
CLASSIX_RADIUS_UPPER_EXTENSION_1,supplementary_upper_radius_extension,rich,classix,classix_ext_r1.95_m5_distance,"{""group_merging"":""distance"",""mergeScale"":1.5,""mergeTinyGroups"":true,""metric"":""euclidean"",""minPts"":5,""post_alloc"":false,""radius"":1.95,""sorting"":""pca""}",11719,1,1,0,0.0,1.0,False,,,,0.006146292027551681,"{""0"":11719}",1
CLASSIX_RADIUS_UPPER_EXTENSION_1,supplementary_upper_radius_extension,rich,classix,classix_ext_r1.95_m5_density,"{""group_merging"":""density"",""mergeScale"":1.5,""mergeTinyGroups"":true,""metric"":""euclidean"",""minPts"":5,""post_alloc"":false,""radius"":1.95,""sorting"":""pca""}",11719,1,2,6,0.0005119890775663453,1.0,False,,,,0.0403347079991363,"{""-1"":6,""44"":11713}",1
CLASSIX_RADIUS_UPPER_EXTENSION_1,supplementary_upper_radius_extension,rich,classix,classix_ext_r1.95_m10_distance,"{""group_merging"":""distance"",""mergeScale"":1.5,""mergeTinyGroups"":true,""metric"":""euclidean"",""minPts"":10,""post_alloc"":false,""radius"":1.95,""sorting"":""pca""}",11719,1,1,0,0.0,1.0,False,,,,0.010560000024270266,"{""0"":11719}",1
CLASSIX_RADIUS_UPPER_EXTENSION_1,supplementary_upper_radius_extension,rich,classix,classix_ext_r1.95_m10_density,"{""group_merging"":""density"",""mergeScale"":1.5,""mergeTinyGroups"":true,""metric"":""euclidean"",""minPts"":10,""post_alloc"":false,""radius"":1.95,""sorting"":""pca""}",11719,1,2,6,0.0005119890775663453,1.0,False,,,,0.042921500047668815,"{""-1"":6,""44"":11713}",1
CLASSIX_RADIUS_UPPER_EXTENSION_1,supplementary_upper_radius_extension,rich,classix,classix_ext_r2.00_m1_distance,"{""group_merging"":""distance"",""mergeScale"":1.5,""mergeTinyGroups"":true,""metric"":""euclidean"",""minPts"":1,""post_alloc"":false,""radius"":2.0,""sorting"":""pca""}",11719,2,2,0,0.0,0.9999146684870722,True,0.7916666580553993,0.14754311387855193,34.42860898735698,0.008309375029057264,"{""0"":11718,""1"":1}",2
CLASSIX_RADIUS_UPPER_EXTENSION_1,supplementary_upper_radius_extension,rich,classix,classix_ext_r2.00_m1_density,"{""group_merging"":""density"",""mergeScale"":1.5,""mergeTinyGroups"":true,""metric"":""euclidean"",""minPts"":1,""post_alloc"":false,""radius"":2.0,""sorting"":""pca""}",11719,3,3,0,0.0,0.9998293369741446,True,0.7823723603754155,0.14640211189613606,38.047611969812365,0.05496408301405609,"{""40"":1,""41"":11717,""42"":1}",3
CLASSIX_RADIUS_UPPER_EXTENSION_1,supplementary_upper_radius_extension,rich,classix,classix_ext_r2.00_m5_distance,"{""group_merging"":""distance"",""mergeScale"":1.5,""mergeTinyGroups"":true,""metric"":""euclidean"",""minPts"":5,""post_alloc"":false,""radius"":2.0,""sorting"":""pca""}",11719,1,1,0,0.0,1.0,False,,,,0.01339862501481548,"{""0"":11719}",1
CLASSIX_RADIUS_UPPER_EXTENSION_1,supplementary_upper_radius_extension,rich,classix,classix_ext_r2.00_m5_density,"{""group_merging"":""density"",""mergeScale"":1.5,""mergeTinyGroups"":true,""metric"":""euclidean"",""minPts"":5,""post_alloc"":false,""radius"":2.0,""sorting"":""pca""}",11719,1,2,2,0.0001706630258554484,1.0,False,,,,0.035315124958287925,"{""-1"":2,""41"":11717}",1
CLASSIX_RADIUS_UPPER_EXTENSION_1,supplementary_upper_radius_extension,rich,classix,classix_ext_r2.00_m10_distance,"{""group_merging"":""distance"",""mergeScale"":1.5,""mergeTinyGroups"":true,""metric"":""euclidean"",""minPts"":10,""post_alloc"":false,""radius"":2.0,""sorting"":""pca""}",11719,1,1,0,0.0,1.0,False,,,,0.009422665985766798,"{""0"":11719}",1
CLASSIX_RADIUS_UPPER_EXTENSION_1,supplementary_upper_radius_extension,rich,classix,classix_ext_r2.00_m10_density,"{""group_merging"":""density"",""mergeScale"":1.5,""mergeTinyGroups"":true,""metric"":""euclidean"",""minPts"":10,""post_alloc"":false,""radius"":2.0,""sorting"":""pca""}",11719,1,2,2,0.0001706630258554484,1.0,False,,,,0.03939162497408688,"{""-1"":2,""41"":11717}",1
CLASSIX_RADIUS_UPPER_EXTENSION_1,supplementary_upper_radius_extension,rich,classix,classix_ext_r2.05_m1_distance,"{""group_merging"":""distance"",""mergeScale"":1.5,""mergeTinyGroups"":true,""metric"":""euclidean"",""minPts"":1,""post_alloc"":false,""radius"":2.05,""sorting"":""pca""}",11719,1,1,0,0.0,1.0,False,,,,0.011913124995771796,"{""0"":11719}",1
CLASSIX_RADIUS_UPPER_EXTENSION_1,supplementary_upper_radius_extension,rich,classix,classix_ext_r2.05_m1_density,"{""group_merging"":""density"",""mergeScale"":1.5,""mergeTinyGroups"":true,""metric"":""euclidean"",""minPts"":1,""post_alloc"":false,""radius"":2.05,""sorting"":""pca""}",11719,3,3,0,0.0,0.9998293369741446,True,0.7823723603754155,0.14640211189613606,38.047611969812365,0.03905991604551673,"{""39"":11717,""40"":1,""41"":1}",3
CLASSIX_RADIUS_UPPER_EXTENSION_1,supplementary_upper_radius_extension,rich,classix,classix_ext_r2.05_m5_distance,"{""group_merging"":""distance"",""mergeScale"":1.5,""mergeTinyGroups"":true,""metric"":""euclidean"",""minPts"":5,""post_alloc"":false,""radius"":2.05,""sorting"":""pca""}",11719,1,1,0,0.0,1.0,False,,,,0.009117542009335011,"{""0"":11719}",1
CLASSIX_RADIUS_UPPER_EXTENSION_1,supplementary_upper_radius_extension,rich,classix,classix_ext_r2.05_m5_density,"{""group_merging"":""density"",""mergeScale"":1.5,""mergeTinyGroups"":true,""metric"":""euclidean"",""minPts"":5,""post_alloc"":false,""radius"":2.05,""sorting"":""pca""}",11719,1,2,2,0.0001706630258554484,1.0,False,,,,0.040696582989767194,"{""-1"":2,""39"":11717}",1
CLASSIX_RADIUS_UPPER_EXTENSION_1,supplementary_upper_radius_extension,rich,classix,classix_ext_r2.05_m10_distance,"{""group_merging"":""distance"",""mergeScale"":1.5,""mergeTinyGroups"":true,""metric"":""euclidean"",""minPts"":10,""post_alloc"":false,""radius"":2.05,""sorting"":""pca""}",11719,1,1,0,0.0,1.0,False,,,,0.008513292006682605,"{""0"":11719}",1
CLASSIX_RADIUS_UPPER_EXTENSION_1,supplementary_upper_radius_extension,rich,classix,classix_ext_r2.05_m10_density,"{""group_merging"":""density"",""mergeScale"":1.5,""mergeTinyGroups"":true,""metric"":""euclidean"",""minPts"":10,""post_alloc"":false,""radius"":2.05,""sorting"":""pca""}",11719,1,2,2,0.0001706630258554484,1.0,False,,,,0.047095333982724696,"{""-1"":2,""39"":11717}",1
CLASSIX_RADIUS_UPPER_EXTENSION_1,supplementary_upper_radius_extension,rich,classix,classix_ext_r2.10_m1_distance,"{""group_merging"":""distance"",""mergeScale"":1.5,""mergeTinyGroups"":true,""metric"":""euclidean"",""minPts"":1,""post_alloc"":false,""radius"":2.1,""sorting"":""pca""}",11719,1,1,0,0.0,1.0,False,,,,0.007922874996438622,"{""0"":11719}",1
CLASSIX_RADIUS_UPPER_EXTENSION_1,supplementary_upper_radius_extension,rich,classix,classix_ext_r2.10_m1_density,"{""group_merging"":""density"",""mergeScale"":1.5,""mergeTinyGroups"":true,""metric"":""euclidean"",""minPts"":1,""post_alloc"":false,""radius"":2.1,""sorting"":""pca""}",11719,3,3,0,0.0,0.9998293369741446,True,0.7823723603754155,0.14640211189613606,38.047611969812365,0.02968404197599739,"{""34"":11717,""35"":1,""36"":1}",3
CLASSIX_RADIUS_UPPER_EXTENSION_1,supplementary_upper_radius_extension,rich,classix,classix_ext_r2.10_m5_distance,"{""group_merging"":""distance"",""mergeScale"":1.5,""mergeTinyGroups"":true,""metric"":""euclidean"",""minPts"":5,""post_alloc"":false,""radius"":2.1,""sorting"":""pca""}",11719,1,1,0,0.0,1.0,False,,,,0.010101124993525445,"{""0"":11719}",1
CLASSIX_RADIUS_UPPER_EXTENSION_1,supplementary_upper_radius_extension,rich,classix,classix_ext_r2.10_m5_density,"{""group_merging"":""density"",""mergeScale"":1.5,""mergeTinyGroups"":true,""metric"":""euclidean"",""minPts"":5,""post_alloc"":false,""radius"":2.1,""sorting"":""pca""}",11719,1,2,2,0.0001706630258554484,1.0,False,,,,0.03057449997868389,"{""-1"":2,""34"":11717}",1
CLASSIX_RADIUS_UPPER_EXTENSION_1,supplementary_upper_radius_extension,rich,classix,classix_ext_r2.10_m10_distance,"{""group_merging"":""distance"",""mergeScale"":1.5,""mergeTinyGroups"":true,""metric"":""euclidean"",""minPts"":10,""post_alloc"":false,""radius"":2.1,""sorting"":""pca""}",11719,1,1,0,0.0,1.0,False,,,,0.009394875029101968,"{""0"":11719}",1
CLASSIX_RADIUS_UPPER_EXTENSION_1,supplementary_upper_radius_extension,rich,classix,classix_ext_r2.10_m10_density,"{""group_merging"":""density"",""mergeScale"":1.5,""mergeTinyGroups"":true,""metric"":""euclidean"",""minPts"":10,""post_alloc"":false,""radius"":2.1,""sorting"":""pca""}",11719,1,2,2,0.0001706630258554484,1.0,False,,,,0.03176620800513774,"{""-1"":2,""34"":11717}",1
CLASSIX_RADIUS_UPPER_EXTENSION_1,supplementary_upper_radius_extension,rich,classix,classix_ext_r2.15_m1_distance,"{""group_merging"":""distance"",""mergeScale"":1.5,""mergeTinyGroups"":true,""metric"":""euclidean"",""minPts"":1,""post_alloc"":false,""radius"":2.15,""sorting"":""pca""}",11719,1,1,0,0.0,1.0,False,,,,0.005423124996013939,"{""0"":11719}",1
CLASSIX_RADIUS_UPPER_EXTENSION_1,supplementary_upper_radius_extension,rich,classix,classix_ext_r2.15_m1_density,"{""group_merging"":""density"",""mergeScale"":1.5,""mergeTinyGroups"":true,""metric"":""euclidean"",""minPts"":1,""post_alloc"":false,""radius"":2.15,""sorting"":""pca""}",11719,3,3,0,0.0,0.9998293369741446,True,0.7823723603754155,0.14640211189613606,38.047611969812365,0.03578725003171712,"{""32"":11717,""33"":1,""34"":1}",3
CLASSIX_RADIUS_UPPER_EXTENSION_1,supplementary_upper_radius_extension,rich,classix,classix_ext_r2.15_m5_distance,"{""group_merging"":""distance"",""mergeScale"":1.5,""mergeTinyGroups"":true,""metric"":""euclidean"",""minPts"":5,""post_alloc"":false,""radius"":2.15,""sorting"":""pca""}",11719,1,1,0,0.0,1.0,False,,,,0.0124855000176467,"{""0"":11719}",1
CLASSIX_RADIUS_UPPER_EXTENSION_1,supplementary_upper_radius_extension,rich,classix,classix_ext_r2.15_m5_density,"{""group_merging"":""density"",""mergeScale"":1.5,""mergeTinyGroups"":true,""metric"":""euclidean"",""minPts"":5,""post_alloc"":false,""radius"":2.15,""sorting"":""pca""}",11719,1,2,2,0.0001706630258554484,1.0,False,,,,0.034428416984155774,"{""-1"":2,""32"":11717}",1
CLASSIX_RADIUS_UPPER_EXTENSION_1,supplementary_upper_radius_extension,rich,classix,classix_ext_r2.15_m10_distance,"{""group_merging"":""distance"",""mergeScale"":1.5,""mergeTinyGroups"":true,""metric"":""euclidean"",""minPts"":10,""post_alloc"":false,""radius"":2.15,""sorting"":""pca""}",11719,1,1,0,0.0,1.0,False,,,,0.0049344999715685844,"{""0"":11719}",1
CLASSIX_RADIUS_UPPER_EXTENSION_1,supplementary_upper_radius_extension,rich,classix,classix_ext_r2.15_m10_density,"{""group_merging"":""density"",""mergeScale"":1.5,""mergeTinyGroups"":true,""metric"":""euclidean"",""minPts"":10,""post_alloc"":false,""radius"":2.15,""sorting"":""pca""}",11719,1,2,2,0.0001706630258554484,1.0,False,,,,0.025674708012957126,"{""-1"":2,""32"":11717}",1
CLASSIX_RADIUS_UPPER_EXTENSION_1,supplementary_upper_radius_extension,rich,classix,classix_ext_r2.20_m1_distance,"{""group_merging"":""distance"",""mergeScale"":1.5,""mergeTinyGroups"":true,""metric"":""euclidean"",""minPts"":1,""post_alloc"":false,""radius"":2.2,""sorting"":""pca""}",11719,1,1,0,0.0,1.0,False,,,,0.010983333049807698,"{""0"":11719}",1
CLASSIX_RADIUS_UPPER_EXTENSION_1,supplementary_upper_radius_extension,rich,classix,classix_ext_r2.20_m1_density,"{""group_merging"":""density"",""mergeScale"":1.5,""mergeTinyGroups"":true,""metric"":""euclidean"",""minPts"":1,""post_alloc"":false,""radius"":2.2,""sorting"":""pca""}",11719,2,2,0,0.0,0.9998293369741446,True,0.8012497932135435,0.28118870048751377,74.64318900339872,0.028016750002279878,"{""30"":11717,""31"":2}",2
CLASSIX_RADIUS_UPPER_EXTENSION_1,supplementary_upper_radius_extension,rich,classix,classix_ext_r2.20_m5_distance,"{""group_merging"":""distance"",""mergeScale"":1.5,""mergeTinyGroups"":true,""metric"":""euclidean"",""minPts"":5,""post_alloc"":false,""radius"":2.2,""sorting"":""pca""}",11719,1,1,0,0.0,1.0,False,,,,0.00475750002078712,"{""0"":11719}",1
CLASSIX_RADIUS_UPPER_EXTENSION_1,supplementary_upper_radius_extension,rich,classix,classix_ext_r2.20_m5_density,"{""group_merging"":""density"",""mergeScale"":1.5,""mergeTinyGroups"":true,""metric"":""euclidean"",""minPts"":5,""post_alloc"":false,""radius"":2.2,""sorting"":""pca""}",11719,1,2,2,0.0001706630258554484,1.0,False,,,,0.02847499999916181,"{""-1"":2,""30"":11717}",1
CLASSIX_RADIUS_UPPER_EXTENSION_1,supplementary_upper_radius_extension,rich,classix,classix_ext_r2.20_m10_distance,"{""group_merging"":""distance"",""mergeScale"":1.5,""mergeTinyGroups"":true,""metric"":""euclidean"",""minPts"":10,""post_alloc"":false,""radius"":2.2,""sorting"":""pca""}",11719,1,1,0,0.0,1.0,False,,,,0.011475667008198798,"{""0"":11719}",1
CLASSIX_RADIUS_UPPER_EXTENSION_1,supplementary_upper_radius_extension,rich,classix,classix_ext_r2.20_m10_density,"{""group_merging"":""density"",""mergeScale"":1.5,""mergeTinyGroups"":true,""metric"":""euclidean"",""minPts"":10,""post_alloc"":false,""radius"":2.2,""sorting"":""pca""}",11719,1,2,2,0.0001706630258554484,1.0,False,,,,0.02943204197799787,"{""-1"":2,""30"":11717}",1
CLASSIX_RADIUS_UPPER_EXTENSION_1,supplementary_upper_radius_extension,rich,classix,classix_ext_r2.25_m1_distance,"{""group_merging"":""distance"",""mergeScale"":1.5,""mergeTinyGroups"":true,""metric"":""euclidean"",""minPts"":1,""post_alloc"":false,""radius"":2.25,""sorting"":""pca""}",11719,1,1,0,0.0,1.0,False,,,,0.005152540979906917,"{""0"":11719}",1
CLASSIX_RADIUS_UPPER_EXTENSION_1,supplementary_upper_radius_extension,rich,classix,classix_ext_r2.25_m1_density,"{""group_merging"":""density"",""mergeScale"":1.5,""mergeTinyGroups"":true,""metric"":""euclidean"",""minPts"":1,""post_alloc"":false,""radius"":2.25,""sorting"":""pca""}",11719,2,2,0,0.0,0.9998293369741446,True,0.8012497932135435,0.28118870048751377,74.64318900339872,0.030672958004288375,"{""30"":2,""31"":11717}",2
CLASSIX_RADIUS_UPPER_EXTENSION_1,supplementary_upper_radius_extension,rich,classix,classix_ext_r2.25_m5_distance,"{""group_merging"":""distance"",""mergeScale"":1.5,""mergeTinyGroups"":true,""metric"":""euclidean"",""minPts"":5,""post_alloc"":false,""radius"":2.25,""sorting"":""pca""}",11719,1,1,0,0.0,1.0,False,,,,0.005827083019539714,"{""0"":11719}",1
CLASSIX_RADIUS_UPPER_EXTENSION_1,supplementary_upper_radius_extension,rich,classix,classix_ext_r2.25_m5_density,"{""group_merging"":""density"",""mergeScale"":1.5,""mergeTinyGroups"":true,""metric"":""euclidean"",""minPts"":5,""post_alloc"":false,""radius"":2.25,""sorting"":""pca""}",11719,1,2,2,0.0001706630258554484,1.0,False,,,,0.03181133297039196,"{""-1"":2,""31"":11717}",1
CLASSIX_RADIUS_UPPER_EXTENSION_1,supplementary_upper_radius_extension,rich,classix,classix_ext_r2.25_m10_distance,"{""group_merging"":""distance"",""mergeScale"":1.5,""mergeTinyGroups"":true,""metric"":""euclidean"",""minPts"":10,""post_alloc"":false,""radius"":2.25,""sorting"":""pca""}",11719,1,1,0,0.0,1.0,False,,,,0.008730874978937209,"{""0"":11719}",1
CLASSIX_RADIUS_UPPER_EXTENSION_1,supplementary_upper_radius_extension,rich,classix,classix_ext_r2.25_m10_density,"{""group_merging"":""density"",""mergeScale"":1.5,""mergeTinyGroups"":true,""metric"":""euclidean"",""minPts"":10,""post_alloc"":false,""radius"":2.25,""sorting"":""pca""}",11719,1,2,2,0.0001706630258554484,1.0,False,,,,0.02820100000826642,"{""-1"":2,""31"":11717}",1
