representation,split_seed,k,train_silhouette,train_dbi,train_ch,selection_scope,selected
compact,20260801,2,0.8484070621889171,0.4798987934413189,5613.72286910379,train_only_label_free,True
compact,20260801,4,0.5580086799550841,0.7716751011236889,8445.648231209503,train_only_label_free,False
compact,20260801,8,0.5421701346135002,0.8169272616520964,8621.925099019789,train_only_label_free,False
compact,20260801,12,0.536459621135847,0.8065087823009188,8933.169020548943,train_only_label_free,False
compact,20260801,5,0.5356316476947763,0.8595169433914662,8174.277435024159,train_only_label_free,False
compact,20260801,7,0.5349521893564422,0.8191509089078716,8630.870377531204,train_only_label_free,False
compact,20260801,11,0.5252115009213658,0.8049878531880971,9055.655205396739,train_only_label_free,False
compact,20260801,10,0.5228714038211847,0.8198403682469124,8934.487621683798,train_only_label_free,False
compact,20260801,9,0.5163114916135737,0.7998146835427493,8658.42999042055,train_only_label_free,False
compact,20260801,3,0.5161883213540204,0.7407573458174812,7141.119770713929,train_only_label_free,False
compact,20260801,6,0.5074505537601965,0.8211853252525908,8615.351826755572,train_only_label_free,False
compact,20260802,2,0.8504678422005698,0.4806665072105839,5512.849073432618,train_only_label_free,True
compact,20260802,4,0.5567098623840773,0.7742610951751026,8379.90627280421,train_only_label_free,False
compact,20260802,12,0.5377341786891255,0.7788662580345678,8948.620828936557,train_only_label_free,False
compact,20260802,8,0.5375492517573254,0.8192529010458669,8698.09474688919,train_only_label_free,False
compact,20260802,7,0.5301910923705085,0.822645739728032,8594.372398835965,train_only_label_free,False
compact,20260802,11,0.5300833648278046,0.7823043653908539,9018.508174364599,train_only_label_free,False
compact,20260802,10,0.5249881905408593,0.8108364395959267,9084.761566029274,train_only_label_free,False
compact,20260802,9,0.516719839902017,0.8083986306753951,9013.632592360522,train_only_label_free,False
compact,20260802,3,0.5116336458489844,0.7414479379776328,6971.58196754697,train_only_label_free,False
compact,20260802,6,0.5071594221321513,0.8162920665624478,8448.020896021262,train_only_label_free,False
compact,20260802,5,0.47808542146484667,0.7409102195533753,8089.219796802148,train_only_label_free,False
compact,20260803,2,0.8578367904783295,0.43830165266078425,5604.661711159103,train_only_label_free,True
compact,20260803,4,0.5598789121059157,0.7651432998559984,8585.6859978148,train_only_label_free,False
compact,20260803,12,0.5395191152483565,0.8113732839132398,8922.2348514016,train_only_label_free,False
compact,20260803,8,0.5363736532506059,0.8068743847597839,8721.161639496122,train_only_label_free,False
compact,20260803,7,0.5325302469237231,0.8246612003802779,8617.276452401074,train_only_label_free,False
compact,20260803,11,0.5269311693436114,0.8203705057486892,9053.130316494678,train_only_label_free,False
compact,20260803,10,0.5255789332255016,0.8222437518980519,9067.883842337807,train_only_label_free,False
compact,20260803,9,0.5154854896506929,0.7987413329415802,8993.967779157178,train_only_label_free,False
compact,20260803,3,0.5147742809550709,0.7333183785980607,7137.569927530007,train_only_label_free,False
compact,20260803,6,0.5028503848410887,0.8253021330832198,8615.467762052986,train_only_label_free,False
compact,20260803,5,0.47956826747854076,0.7357255192878193,8271.954891655823,train_only_label_free,False
compact,20260804,2,0.85102580101498,0.48171474952466364,5328.2009076006925,train_only_label_free,True
compact,20260804,4,0.5615532556707259,0.7723889322571437,8320.247706740374,train_only_label_free,False
compact,20260804,8,0.5424475699167749,0.8239542012961463,8532.314772227599,train_only_label_free,False
compact,20260804,5,0.5392698056590104,0.8480068045103341,8026.1683771571825,train_only_label_free,False
compact,20260804,12,0.5377814337094792,0.78617381625158,8925.622318565704,train_only_label_free,False
compact,20260804,7,0.5344390935991785,0.8141736309025421,8531.259284466047,train_only_label_free,False
compact,20260804,11,0.5275570427402849,0.7717021545233554,9004.915753421421,train_only_label_free,False
compact,20260804,10,0.5224972809888646,0.8222865189505246,8843.966934245283,train_only_label_free,False
compact,20260804,3,0.5146794958351989,0.7443667774461854,6794.32542522693,train_only_label_free,False
compact,20260804,9,0.5137340591231481,0.8175648073941931,8738.183633939334,train_only_label_free,False
compact,20260804,6,0.5057553788305487,0.8122275943208651,8432.887817698791,train_only_label_free,False
compact,20260805,2,0.8421178371246114,0.49714238864884674,5341.745381617772,train_only_label_free,True
compact,20260805,4,0.5609462660836663,0.7761908063758696,8314.145481331503,train_only_label_free,False
compact,20260805,8,0.5424776284711154,0.8354643836130211,8464.310609537077,train_only_label_free,False
compact,20260805,12,0.5411837638944302,0.7671083983290289,8902.630640800027,train_only_label_free,False
compact,20260805,7,0.5363827184781523,0.8211001303043213,8425.46067086756,train_only_label_free,False
compact,20260805,11,0.5296995176380723,0.7692456828296982,8985.4462389418,train_only_label_free,False
compact,20260805,10,0.5260356975062433,0.8283659972703502,8705.634538150272,train_only_label_free,False
compact,20260805,9,0.5140409981819765,0.8256714183275572,8642.51256806636,train_only_label_free,False
compact,20260805,3,0.5139741922118733,0.7517921625090677,6794.143349429193,train_only_label_free,False
compact,20260805,6,0.5076214046337514,0.8180623406981433,8312.596339508103,train_only_label_free,False
compact,20260805,5,0.48373562289260463,0.7397454413669394,8022.572026221193,train_only_label_free,False
rich,20260801,4,0.3518918964354268,1.0381112334884843,3175.2623086932736,train_only_label_free,True
rich,20260801,2,0.3362873524661346,1.334382981397193,3643.8323763168655,train_only_label_free,False
rich,20260801,3,0.32690659499058444,1.1166889720151911,3235.2343222783734,train_only_label_free,False
rich,20260801,5,0.30939464964869706,1.0371022836565997,3164.551698805683,train_only_label_free,False
rich,20260801,6,0.3033048556949012,1.1702320597328135,3049.2356903704217,train_only_label_free,False
rich,20260801,7,0.2866381793771156,1.2236419756027828,2866.512204950815,train_only_label_free,False
rich,20260801,10,0.2733163439271033,1.2202070404647185,2475.643596922712,train_only_label_free,False
rich,20260801,11,0.27330982954337074,1.2246399889592237,2396.4664606757633,train_only_label_free,False
rich,20260801,9,0.2702995757489983,1.2188957028372025,2573.503484203479,train_only_label_free,False
rich,20260801,12,0.26882765111753515,1.2131863690107751,2293.218957846963,train_only_label_free,False
rich,20260801,8,0.26617388476381837,1.2402808231836804,2685.879486599645,train_only_label_free,False
rich,20260802,4,0.34915488653096727,1.0422790859895676,3149.0216445114456,train_only_label_free,True
rich,20260802,2,0.333129136205047,1.3370114097189738,3663.801483448491,train_only_label_free,False
rich,20260802,3,0.32456218118430397,1.1195807311182144,3219.1135774294116,train_only_label_free,False
rich,20260802,5,0.3092738605956957,1.0321037170190341,3154.8098405826113,train_only_label_free,False
rich,20260802,6,0.3006476768834516,1.1821847139784736,3055.5229672926785,train_only_label_free,False
rich,20260802,7,0.28527439406042765,1.2320566659055483,2878.7956460292203,train_only_label_free,False
rich,20260802,10,0.27267431751416243,1.2102250812934658,2454.14156689665,train_only_label_free,False
rich,20260802,11,0.2723996851659254,1.229437774052128,2368.2172801276224,train_only_label_free,False
rich,20260802,9,0.2697153355059501,1.2407470722377614,2556.7488642378935,train_only_label_free,False
rich,20260802,8,0.2665458959611027,1.2357636578770523,2700.006244455529,train_only_label_free,False
rich,20260802,12,0.26444338864277367,1.2530559098881282,2266.678243653183,train_only_label_free,False
rich,20260803,4,0.35033338367832934,1.0171925586199366,3133.2753682591733,train_only_label_free,True
rich,20260803,2,0.33292575039450806,1.3392388652057032,3630.060771954671,train_only_label_free,False
rich,20260803,3,0.32596755996625953,1.0889273689182495,3210.9022624089434,train_only_label_free,False
rich,20260803,5,0.30737334972175945,1.0211048124334936,3142.18020190494,train_only_label_free,False
rich,20260803,6,0.30163262160141285,1.1683160073194703,3049.410022013655,train_only_label_free,False
rich,20260803,7,0.28651057068802177,1.2215803731479595,2878.626094135358,train_only_label_free,False
rich,20260803,10,0.273290603428481,1.2237429073666277,2483.2095635671044,train_only_label_free,False
rich,20260803,11,0.27198041356958574,1.2108532174788857,2397.07990494261,train_only_label_free,False
rich,20260803,9,0.27081065792218056,1.2169038454827803,2576.627763729579,train_only_label_free,False
rich,20260803,12,0.2686438764356185,1.1815729342420687,2289.637431536956,train_only_label_free,False
rich,20260803,8,0.2670856357743817,1.2353886258394318,2704.373469604584,train_only_label_free,False
rich,20260804,4,0.3501809394232276,1.0483947093804535,3128.398726169575,train_only_label_free,True
rich,20260804,2,0.33356757846818674,1.3369947334392165,3636.488744697167,train_only_label_free,False
rich,20260804,3,0.32371238655917556,1.1301306194137375,3190.248929925483,train_only_label_free,False
rich,20260804,5,0.3088492727162713,1.0451102531061576,3126.275150140515,train_only_label_free,False
rich,20260804,6,0.3013811733539821,1.1766503642114345,3019.5069030146456,train_only_label_free,False
rich,20260804,7,0.28688880495460134,1.2277873002185988,2846.2824406162836,train_only_label_free,False
rich,20260804,11,0.2734560651690108,1.216127470780776,2380.5475513315687,train_only_label_free,False
rich,20260804,10,0.27228482052380365,1.2404544700750655,2446.4752147738964,train_only_label_free,False
rich,20260804,9,0.2699541541788895,1.2394440386962025,2532.7008209118,train_only_label_free,False
rich,20260804,8,0.26796689088730313,1.2385365016118937,2671.168492639247,train_only_label_free,False
rich,20260804,12,0.26557980111129326,1.2364372381299722,2278.373518431983,train_only_label_free,False
rich,20260805,4,0.35180422060882804,1.0409343741521127,3116.6237667913038,train_only_label_free,True
rich,20260805,2,0.33729676791255264,1.3326362032204813,3660.8034911773734,train_only_label_free,False
rich,20260805,3,0.32722183873302907,1.122427896680305,3187.9873984307014,train_only_label_free,False
rich,20260805,5,0.30854419304061004,1.0444899331275772,3113.1233386965373,train_only_label_free,False
rich,20260805,6,0.3019526940604849,1.1826489564379916,2998.0444583486196,train_only_label_free,False
rich,20260805,8,0.2914127561801616,1.1872544994981977,2656.3705045680144,train_only_label_free,False
rich,20260805,7,0.2868304240974052,1.2341843263601215,2829.413993308074,train_only_label_free,False
rich,20260805,10,0.27384273302132767,1.2117386317551404,2442.8399284012817,train_only_label_free,False
rich,20260805,11,0.27319153016077424,1.2200218918940549,2356.635937354035,train_only_label_free,False
rich,20260805,9,0.2712510671620054,1.2148745216904229,2527.7774223613196,train_only_label_free,False
rich,20260805,12,0.26697593622834953,1.2771065822446652,2226.8539362950232,train_only_label_free,False
