comparison,method,parameter_key,parameter_value,k,left_representation,right_representation,n_samples,ari,nmi,vi,availability
fixed_k,kmeans,n_clusters,2,2.0,compact,rich,11719,0.023522894907714618,0.03541028033240386,0.6654147190049775,
fixed_k,kmeans,n_clusters,3,3.0,compact,rich,11719,0.022251325644513507,0.07469748907243033,1.20709079081812,
fixed_k,kmeans,n_clusters,4,4.0,compact,rich,11719,0.01397446272936289,0.08938623390274329,1.6908046658510987,
fixed_k,kmeans,n_clusters,5,5.0,compact,rich,11719,0.012007608080703756,0.0762890344391787,2.3329297601333767,
fixed_k,kmeans,n_clusters,6,6.0,compact,rich,11719,0.023750967210933612,0.08787783789477047,2.561220925892342,
fixed_k,kmeans,n_clusters,7,7.0,compact,rich,11719,0.10303408228077374,0.18577265424875564,2.561455489566583,
fixed_k,kmeans,n_clusters,8,8.0,compact,rich,11719,0.09299596091110753,0.17710322402567802,2.761081842490677,
fixed_k,kmeans,n_clusters,9,9.0,compact,rich,11719,0.0987449903874367,0.18947259727398058,2.9548534371871993,
fixed_k,kmeans,n_clusters,10,10.0,compact,rich,11719,0.11014859555193568,0.2183468397533161,2.9587321374008404,
fixed_k,kmeans,n_clusters,11,11.0,compact,rich,11719,0.11254900629772993,0.22757873645215634,2.980925248092732,
fixed_k,kmeans,n_clusters,12,12.0,compact,rich,11719,0.1004527794559872,0.21862112270459688,3.09845116495324,
fixed_classix_parameter,classix,candidate_id,classix_r0.25_m10_density,,compact,rich,11719,0.00810484310471887,0.25249576221931636,2.3358678515457134,
fixed_classix_parameter,classix,candidate_id,classix_r0.25_m10_distance,,compact,rich,11719,0.2799230933803769,0.3869737936731057,1.8090368018650445,
fixed_classix_parameter,classix,candidate_id,classix_r0.25_m1_density,,compact,rich,11719,0.11744822730696783,0.40111033467730794,3.314766155026213,
fixed_classix_parameter,classix,candidate_id,classix_r0.25_m1_distance,,compact,rich,11719,0.28651236011706477,0.5024808717100883,1.998363915249417,
fixed_classix_parameter,classix,candidate_id,classix_r0.25_m5_density,,compact,rich,11719,0.022457526859089517,0.25862548199515945,2.466065642835055,
fixed_classix_parameter,classix,candidate_id,classix_r0.25_m5_distance,,compact,rich,11719,0.28521113496085404,0.4126933446492538,1.846578417150258,
fixed_classix_parameter,classix,candidate_id,classix_r0.30_m10_density,,compact,rich,11719,0.07382148940402473,0.29425516492158543,2.19701769222151,
fixed_classix_parameter,classix,candidate_id,classix_r0.30_m10_distance,,compact,rich,11719,0.3213698099606378,0.3229349854449247,1.1705616021797947,
fixed_classix_parameter,classix,candidate_id,classix_r0.30_m1_density,,compact,rich,11719,0.14433990982735545,0.42967458117898544,2.8062684217502865,
fixed_classix_parameter,classix,candidate_id,classix_r0.30_m1_distance,,compact,rich,11719,0.4126121930714178,0.5032322075967931,1.2876507474845942,
fixed_classix_parameter,classix,candidate_id,classix_r0.30_m5_density,,compact,rich,11719,0.08383435793941862,0.29904192034020005,2.2947545261790845,
fixed_classix_parameter,classix,candidate_id,classix_r0.30_m5_distance,,compact,rich,11719,0.33540432065784,0.3619180352427192,1.1998300348489095,
fixed_classix_parameter,classix,candidate_id,classix_r0.35_m10_density,,compact,rich,11719,0.24401128683450257,0.3788316238914441,1.7674734647474506,
fixed_classix_parameter,classix,candidate_id,classix_r0.35_m10_distance,,compact,rich,11719,0.029932557253439213,0.10008482650274089,1.234817356541565,
fixed_classix_parameter,classix,candidate_id,classix_r0.35_m1_density,,compact,rich,11719,0.28418802309620506,0.49289620644271565,2.0978518880045263,
fixed_classix_parameter,classix,candidate_id,classix_r0.35_m1_distance,,compact,rich,11719,0.18653691975214284,0.3393051577867361,1.3066937347917293,
fixed_classix_parameter,classix,candidate_id,classix_r0.35_m5_density,,compact,rich,11719,0.248589469974967,0.37887047830305476,1.837613391830442,
fixed_classix_parameter,classix,candidate_id,classix_r0.35_m5_distance,,compact,rich,11719,0.06179831634636932,0.13945464691875228,1.2807253412382775,
fixed_classix_parameter,classix,candidate_id,classix_r0.40_m10_density,,compact,rich,11719,0.20328266377052412,0.2871925637677987,1.6214248668080193,
fixed_classix_parameter,classix,candidate_id,classix_r0.40_m10_distance,,compact,rich,11719,0.02556426645381553,0.09581569887462996,1.2487107056017224,
fixed_classix_parameter,classix,candidate_id,classix_r0.40_m1_density,,compact,rich,11719,0.23026014632533284,0.44566618482594417,1.8047419286377275,
fixed_classix_parameter,classix,candidate_id,classix_r0.40_m1_distance,,compact,rich,11719,0.1380442330975019,0.28666884458850067,1.288036511226922,
fixed_classix_parameter,classix,candidate_id,classix_r0.40_m5_density,,compact,rich,11719,0.20711400180464506,0.2927276426062258,1.68835676429587,
fixed_classix_parameter,classix,candidate_id,classix_r0.40_m5_distance,,compact,rich,11719,0.05002568391631559,0.12407228772408743,1.2877775280027453,
fixed_classix_parameter,classix,candidate_id,classix_r0.45_m10_density,,compact,rich,11719,0.35885592402281985,0.34226817508221125,1.2863454936935876,
fixed_classix_parameter,classix,candidate_id,classix_r0.45_m10_distance,,compact,rich,11719,0.021098583481675162,0.08943463415661447,1.187924461380698,
fixed_classix_parameter,classix,candidate_id,classix_r0.45_m1_density,,compact,rich,11719,0.37408221644610534,0.47990110095944427,1.368978452607236,
fixed_classix_parameter,classix,candidate_id,classix_r0.45_m1_distance,,compact,rich,11719,0.09715944428124444,0.22524992683128728,1.2485921442964436,
fixed_classix_parameter,classix,candidate_id,classix_r0.45_m5_density,,compact,rich,11719,0.36084618324318346,0.3484815324662962,1.3125188941036423,
fixed_classix_parameter,classix,candidate_id,classix_r0.45_m5_distance,,compact,rich,11719,0.04521088648937441,0.12097825219546907,1.216601519730502,
fixed_classix_parameter,classix,candidate_id,classix_r0.50_m10_density,,compact,rich,11719,0.39246578857731357,0.3807567816733955,1.0700720588147055,
fixed_classix_parameter,classix,candidate_id,classix_r0.50_m10_distance,,compact,rich,11719,-0.02015657142081144,0.06931353776172,1.1734453382952321,
fixed_classix_parameter,classix,candidate_id,classix_r0.50_m1_density,,compact,rich,11719,0.40238886981315897,0.4982267091758628,1.138308844364103,
fixed_classix_parameter,classix,candidate_id,classix_r0.50_m1_distance,,compact,rich,11719,0.0454794066676584,0.17692310159604657,1.233211032188281,
fixed_classix_parameter,classix,candidate_id,classix_r0.50_m5_density,,compact,rich,11719,0.39423248045286774,0.38482102896926984,1.113311282754451,
fixed_classix_parameter,classix,candidate_id,classix_r0.50_m5_distance,,compact,rich,11719,-0.015934905014323843,0.07590573329150338,1.2062027422672104,
fixed_classix_parameter,classix,candidate_id,classix_r0.55_m10_density,,compact,rich,11719,0.1709397755056272,0.15594871284642903,1.2646120910298293,
fixed_classix_parameter,classix,candidate_id,classix_r0.55_m10_distance,,compact,rich,11719,-0.03681373738034564,0.020827348765429198,1.0811290568936671,
fixed_classix_parameter,classix,candidate_id,classix_r0.55_m1_density,,compact,rich,11719,0.1778865431570464,0.3191745762203705,1.295431905304425,
fixed_classix_parameter,classix,candidate_id,classix_r0.55_m1_distance,,compact,rich,11719,0.011076365063472425,0.10916480057927903,1.1417557908996274,
fixed_classix_parameter,classix,candidate_id,classix_r0.55_m5_density,,compact,rich,11719,0.1724230805132272,0.17278136948957143,1.2892512208250082,
fixed_classix_parameter,classix,candidate_id,classix_r0.55_m5_distance,,compact,rich,11719,-0.034193485951312566,0.02502431840643239,1.1058125616625945,
fixed_classix_parameter,classix,candidate_id,classix_r0.60_m10_density,,compact,rich,11719,0.14698043152577106,0.15228151061055897,1.2587198835866586,
fixed_classix_parameter,classix,candidate_id,classix_r0.60_m10_distance,,compact,rich,11719,-0.008753396281020391,0.08169197933250504,1.0570695507356054,
fixed_classix_parameter,classix,candidate_id,classix_r0.60_m1_density,,compact,rich,11719,0.1515538122390789,0.2935645300058263,1.2701061169590955,
fixed_classix_parameter,classix,candidate_id,classix_r0.60_m1_distance,,compact,rich,11719,0.020273906358853924,0.14609436879249085,1.087169864611216,
fixed_classix_parameter,classix,candidate_id,classix_r0.60_m5_density,,compact,rich,11719,0.1479697511592793,0.16604600930470648,1.2750496705833367,
fixed_classix_parameter,classix,candidate_id,classix_r0.60_m5_distance,,compact,rich,11719,-0.007333280857455972,0.09028012701998755,1.0658894517213198,
fixed_classix_parameter,classix,candidate_id,classix_r0.65_m10_density,,compact,rich,11719,0.09529714320809195,0.12530541646004936,1.2262477801851162,
fixed_classix_parameter,classix,candidate_id,classix_r0.65_m10_distance,,compact,rich,11719,-0.043874973095763055,0.015272482535690758,1.0630235002648687,
fixed_classix_parameter,classix,candidate_id,classix_r0.65_m1_density,,compact,rich,11719,0.09786213703092818,0.23639048771457827,1.2388283166647678,
fixed_classix_parameter,classix,candidate_id,classix_r0.65_m1_distance,,compact,rich,11719,-0.022258124585175947,0.06040562595648532,1.1068621208804743,
fixed_classix_parameter,classix,candidate_id,classix_r0.65_m5_density,,compact,rich,11719,0.09602637724352342,0.13965366365057208,1.2370035603895313,
fixed_classix_parameter,classix,candidate_id,classix_r0.65_m5_distance,,compact,rich,11719,-0.04013311615972239,0.02189083916306165,1.0741137596904118,
fixed_classix_parameter,classix,candidate_id,classix_r0.70_m10_density,,compact,rich,11719,0.07330910912831114,0.10227769903018846,1.2450444952768036,
fixed_classix_parameter,classix,candidate_id,classix_r0.70_m10_distance,,compact,rich,11719,-0.05091821149749051,0.007909488169968702,1.0632085426711726,
fixed_classix_parameter,classix,candidate_id,classix_r0.70_m1_density,,compact,rich,11719,0.07492197186739868,0.1932786576519208,1.254228628406246,
fixed_classix_parameter,classix,candidate_id,classix_r0.70_m1_distance,,compact,rich,11719,-0.03130186564329342,0.05214400013342304,1.0870406715608119,
fixed_classix_parameter,classix,candidate_id,classix_r0.70_m5_density,,compact,rich,11719,0.07375949754470071,0.11410198134428946,1.253876913663362,
fixed_classix_parameter,classix,candidate_id,classix_r0.70_m5_distance,,compact,rich,11719,-0.04768636390024599,0.013352057511521923,1.0661003247455396,
fixed_classix_parameter,classix,candidate_id,classix_r0.75_m10_density,,compact,rich,11719,0.027815035600459965,0.07495084220323518,1.2207466450042876,
fixed_classix_parameter,classix,candidate_id,classix_r0.75_m10_distance,,compact,rich,11719,-0.030281661607967452,0.004291279575159271,0.6543640600197955,
fixed_classix_parameter,classix,candidate_id,classix_r0.75_m1_density,,compact,rich,11719,0.028802896755166164,0.14974740560218716,1.2300646964777024,
fixed_classix_parameter,classix,candidate_id,classix_r0.75_m1_distance,,compact,rich,11719,-0.01443520837650013,0.04484668995186208,0.7003730866360903,
fixed_classix_parameter,classix,candidate_id,classix_r0.75_m5_density,,compact,rich,11719,0.028036576471547524,0.08220241274850157,1.2264695012697686,
fixed_classix_parameter,classix,candidate_id,classix_r0.75_m5_distance,,compact,rich,11719,-0.029601910642877025,0.009294183251769832,0.6700117176102008,
fixed_classix_parameter,classix,candidate_id,classix_r0.80_m10_density,,compact,rich,11719,0.00646014771767079,0.04955211925351803,1.1065468164390204,
fixed_classix_parameter,classix,candidate_id,classix_r0.80_m10_distance,,compact,rich,11719,0.0,0.0,0.3341618700661681,
fixed_classix_parameter,classix,candidate_id,classix_r0.80_m1_density,,compact,rich,11719,0.00707690594702669,0.10866867275986022,1.1269804939252963,
fixed_classix_parameter,classix,candidate_id,classix_r0.80_m1_distance,,compact,rich,11719,0.034305317515903204,0.06385609998259141,0.3734699171096193,
fixed_classix_parameter,classix,candidate_id,classix_r0.80_m5_density,,compact,rich,11719,0.00655590918555068,0.05251700791040177,1.1121190140082804,
fixed_classix_parameter,classix,candidate_id,classix_r0.80_m5_distance,,compact,rich,11719,0.019387416757952594,0.02138036999461157,0.3499815442374638,
fixed_classix_parameter,classix,candidate_id,classix_r0.85_m10_density,,compact,rich,11719,-0.005676678300386096,0.04447702546848631,1.0834421045053222,
fixed_classix_parameter,classix,candidate_id,classix_r0.85_m10_distance,,compact,rich,11719,-0.02929796545691766,0.0034533006798615636,0.6499689021458699,
fixed_classix_parameter,classix,candidate_id,classix_r0.85_m1_density,,compact,rich,11719,-0.005362302819537034,0.08821609399065831,1.0996858744643145,
fixed_classix_parameter,classix,candidate_id,classix_r0.85_m1_distance,,compact,rich,11719,-0.022899736119984727,0.020914549705317868,0.6853916455588801,
fixed_classix_parameter,classix,candidate_id,classix_r0.85_m5_density,,compact,rich,11719,-0.005643105756791199,0.04539976486772799,1.0888621777319762,
fixed_classix_parameter,classix,candidate_id,classix_r0.85_m5_distance,,compact,rich,11719,-0.029799495659316628,0.003765166844651363,0.6627593866245619,
fixed_classix_parameter,classix,candidate_id,classix_r0.90_m10_density,,compact,rich,11719,-0.010267380003075567,0.042155920624022764,1.0815237868521796,
fixed_classix_parameter,classix,candidate_id,classix_r0.90_m10_distance,,compact,rich,11719,0.0,0.0,0.32433886432824766,
fixed_classix_parameter,classix,candidate_id,classix_r0.90_m1_density,,compact,rich,11719,-0.010007404629853518,0.08154148915562985,1.0947782239630197,
fixed_classix_parameter,classix,candidate_id,classix_r0.90_m1_distance,,compact,rich,11719,0.012351508223243043,0.02713693328744727,0.3486409457207317,
fixed_classix_parameter,classix,candidate_id,classix_r0.90_m5_density,,compact,rich,11719,-0.010184850530083391,0.046598406039429406,1.0899954471420485,
fixed_classix_parameter,classix,candidate_id,classix_r0.90_m5_distance,,compact,rich,11719,0.0,0.0,0.32433886432824766,
fixed_classix_parameter,classix,candidate_id,classix_r0.95_m10_density,,compact,rich,11719,-0.01882226113013851,0.03263790346070811,1.0834530966842177,
fixed_classix_parameter,classix,candidate_id,classix_r0.95_m10_distance,,compact,rich,11719,0.0,0.0,0.30417143654344014,
fixed_classix_parameter,classix,candidate_id,classix_r0.95_m1_density,,compact,rich,11719,-0.018660940516722936,0.06201242839928938,1.0983523731808127,
fixed_classix_parameter,classix,candidate_id,classix_r0.95_m1_distance,,compact,rich,11719,0.01119194627224842,0.023245012417847807,0.33104341401219517,
fixed_classix_parameter,classix,candidate_id,classix_r0.95_m5_density,,compact,rich,11719,-0.018762095363156508,0.03721249657522393,1.0897681505448493,
fixed_classix_parameter,classix,candidate_id,classix_r0.95_m5_distance,,compact,rich,11719,0.0,0.0,0.30417143654344014,
fixed_classix_parameter,classix,candidate_id,classix_r1.00_m10_density,,compact,rich,11719,-0.024584547557873884,0.029342033488717265,1.080178735690076,
fixed_classix_parameter,classix,candidate_id,classix_r1.00_m10_distance,,compact,rich,11719,1.0,1.0,-0.0,
fixed_classix_parameter,classix,candidate_id,classix_r1.00_m1_density,,compact,rich,11719,-0.024452536145472163,0.05588952162562019,1.0920789903139325,
fixed_classix_parameter,classix,candidate_id,classix_r1.00_m1_distance,,compact,rich,11719,-0.001486111722342216,0.0001500832077061964,0.031289152157962206,
fixed_classix_parameter,classix,candidate_id,classix_r1.00_m5_density,,compact,rich,11719,-0.02453749685667999,0.03352445388674282,1.0851470355647097,
fixed_classix_parameter,classix,candidate_id,classix_r1.00_m5_distance,,compact,rich,11719,0.0,0.0,0.003737228203642106,
fixed_classix_parameter,classix,candidate_id,classix_r1.05_m10_density,,compact,rich,11719,-0.032488618980351804,0.024015052212362855,1.0679469217442896,
fixed_classix_parameter,classix,candidate_id,classix_r1.05_m10_distance,,compact,rich,11719,0.0,0.0,0.013123517655142344,
fixed_classix_parameter,classix,candidate_id,classix_r1.05_m1_density,,compact,rich,11719,-0.032435174469415816,0.04104287379005597,1.0765708114701182,
fixed_classix_parameter,classix,candidate_id,classix_r1.05_m1_distance,,compact,rich,11719,0.044064680629824375,0.04477934762244343,0.032801186632137054,
fixed_classix_parameter,classix,candidate_id,classix_r1.05_m5_density,,compact,rich,11719,-0.03247444804826654,0.025957639526378477,1.0702055953396223,
fixed_classix_parameter,classix,candidate_id,classix_r1.05_m5_distance,,compact,rich,11719,0.0,0.0,0.013123517655142344,
fixed_classix_parameter,classix,candidate_id,classix_r1.10_m10_density,,compact,rich,11719,-0.040180788829156176,0.01714959937379252,1.0275199737378846,
fixed_classix_parameter,classix,candidate_id,classix_r1.10_m10_distance,,compact,rich,11719,0.0,0.0,0.014724576964624278,
fixed_classix_parameter,classix,candidate_id,classix_r1.10_m1_density,,compact,rich,11719,-0.04016277833518481,0.02697812128198736,1.037388060874089,
fixed_classix_parameter,classix,candidate_id,classix_r1.10_m1_distance,,compact,rich,11719,-0.0012063901018850708,0.00013433073963681108,0.03225156805356784,
fixed_classix_parameter,classix,candidate_id,classix_r1.10_m5_density,,compact,rich,11719,-0.040180840214060286,0.0172666881011939,1.028672423511065,
fixed_classix_parameter,classix,candidate_id,classix_r1.10_m5_distance,,compact,rich,11719,0.0,0.0,0.014724576964624278,
fixed_classix_parameter,classix,candidate_id,classix_r1.15_m10_density,,compact,rich,11719,-0.02257119651669388,0.009768252483145933,0.6715761321876793,
fixed_classix_parameter,classix,candidate_id,classix_r1.15_m10_distance,,compact,rich,11719,1.0,1.0,-0.0,
fixed_classix_parameter,classix,candidate_id,classix_r1.15_m1_density,,compact,rich,11719,-0.022538571641403646,0.02177985713121396,0.6836363465275396,
fixed_classix_parameter,classix,candidate_id,classix_r1.15_m1_distance,,compact,rich,11719,-0.0010975065730416363,0.0001130291273334478,0.023216736679711285,
fixed_classix_parameter,classix,candidate_id,classix_r1.15_m5_density,,compact,rich,11719,-0.022564228810703336,0.01025015413194427,0.6751914072045807,
fixed_classix_parameter,classix,candidate_id,classix_r1.15_m5_distance,,compact,rich,11719,1.0,1.0,-0.0,
fixed_classix_parameter,classix,candidate_id,classix_r1.20_m10_density,,compact,rich,11719,-0.023114771913044032,0.007266754369614493,0.6537479629582871,
fixed_classix_parameter,classix,candidate_id,classix_r1.20_m10_distance,,compact,rich,11719,1.0,1.0,-0.0,
fixed_classix_parameter,classix,candidate_id,classix_r1.20_m1_density,,compact,rich,11719,-0.023092453048540382,0.017702567078279843,0.6634946802663144,
fixed_classix_parameter,classix,candidate_id,classix_r1.20_m1_distance,,compact,rich,11719,-0.000731519365366586,7.458365834327122e-05,0.01758752323880655,
fixed_classix_parameter,classix,candidate_id,classix_r1.20_m5_density,,compact,rich,11719,-0.023111098114957592,0.007698065806352345,0.6558536879737752,
fixed_classix_parameter,classix,candidate_id,classix_r1.20_m5_distance,,compact,rich,11719,1.0,1.0,-0.0,
fixed_classix_parameter,classix,candidate_id,classix_r1.25_m10_density,,compact,rich,11719,-0.022728353511347152,0.009480169537111116,0.6587560701962636,
fixed_classix_parameter,classix,candidate_id,classix_r1.25_m10_distance,,compact,rich,11719,1.0,1.0,-0.0,
fixed_classix_parameter,classix,candidate_id,classix_r1.25_m1_density,,compact,rich,11719,-0.022693052532565428,0.022374960306971805,0.666837218285887,
fixed_classix_parameter,classix,candidate_id,classix_r1.25_m1_distance,,compact,rich,11719,-0.0007007553186715816,7.100141389837274e-05,0.016010242647674387,
fixed_classix_parameter,classix,candidate_id,classix_r1.25_m5_density,,compact,rich,11719,-0.022712412232868302,0.011943943107931823,0.6595484175561751,
fixed_classix_parameter,classix,candidate_id,classix_r1.25_m5_distance,,compact,rich,11719,1.0,1.0,-0.0,
fixed_classix_parameter,classix,candidate_id,classix_r1.30_m10_density,,compact,rich,11719,0.019995411862907982,0.013565301643626817,0.32659639188330203,
fixed_classix_parameter,classix,candidate_id,classix_r1.30_m10_distance,,compact,rich,11719,1.0,1.0,-0.0,
fixed_classix_parameter,classix,candidate_id,classix_r1.30_m1_density,,compact,rich,11719,0.020042906105695535,0.034180433763288255,0.33199381255836335,
fixed_classix_parameter,classix,candidate_id,classix_r1.30_m1_distance,,compact,rich,11719,0.35240055607708665,0.3305377380479936,0.009613645233216745,
fixed_classix_parameter,classix,candidate_id,classix_r1.30_m5_density,,compact,rich,11719,0.020007689630402,0.016990498542986007,0.32654756830899434,
fixed_classix_parameter,classix,candidate_id,classix_r1.30_m5_distance,,compact,rich,11719,1.0,1.0,-0.0,
fixed_classix_parameter,classix,candidate_id,classix_r1.35_m10_density,,compact,rich,11719,0.011329509041008998,0.00925890726607611,0.322748684241439,
fixed_classix_parameter,classix,candidate_id,classix_r1.35_m10_distance,,compact,rich,11719,1.0,1.0,-0.0,
fixed_classix_parameter,classix,candidate_id,classix_r1.35_m1_density,,compact,rich,11719,0.01135617495616821,0.02340015267206421,0.32801314573588936,
fixed_classix_parameter,classix,candidate_id,classix_r1.35_m1_distance,,compact,rich,11719,0.2993101711936122,0.29285070257224605,0.011462549607316831,
fixed_classix_parameter,classix,candidate_id,classix_r1.35_m5_density,,compact,rich,11719,0.011329509041008998,0.00925890726607611,0.322748684241439,
fixed_classix_parameter,classix,candidate_id,classix_r1.35_m5_distance,,compact,rich,11719,0.0,0.0,0.005031086702361568,
fixed_classix_parameter,classix,candidate_id,classix_r1.40_m10_density,,compact,rich,11719,0.01133104372519393,0.009359468611859928,0.3223991862840234,
fixed_classix_parameter,classix,candidate_id,classix_r1.40_m10_distance,,compact,rich,11719,1.0,1.0,-0.0,
fixed_classix_parameter,classix,candidate_id,classix_r1.40_m1_density,,compact,rich,11719,0.011357054171980546,0.023453796876710693,0.3272175054361246,
fixed_classix_parameter,classix,candidate_id,classix_r1.40_m1_distance,,compact,rich,11719,0.39955151712795905,0.38055475647545206,0.007726013699663272,
fixed_classix_parameter,classix,candidate_id,classix_r1.40_m5_density,,compact,rich,11719,0.01133104372519393,0.009359468611859928,0.3223991862840234,
fixed_classix_parameter,classix,candidate_id,classix_r1.40_m5_distance,,compact,rich,11719,1.0,1.0,-0.0,
fixed_classix_parameter,classix,candidate_id,classix_r1.45_m10_density,,compact,rich,11719,0.011329509041008998,0.00925890726607611,0.322748684241439,
fixed_classix_parameter,classix,candidate_id,classix_r1.45_m10_distance,,compact,rich,11719,1.0,1.0,-0.0,
fixed_classix_parameter,classix,candidate_id,classix_r1.45_m1_density,,compact,rich,11719,0.011356177988148997,0.023416647394709358,0.3277765565454942,
fixed_classix_parameter,classix,candidate_id,classix_r1.45_m1_distance,,compact,rich,11719,0.29931275148094194,0.2958244406483016,0.011299605456375249,
fixed_classix_parameter,classix,candidate_id,classix_r1.45_m5_density,,compact,rich,11719,0.011329509041008998,0.00925890726607611,0.322748684241439,
fixed_classix_parameter,classix,candidate_id,classix_r1.45_m5_distance,,compact,rich,11719,0.0,0.0,0.005031086702361568,
fixed_classix_parameter,classix,candidate_id,classix_r1.50_m10_density,,compact,rich,11719,-0.0016504917101279155,0.00022079635201948557,0.03264634023112893,
fixed_classix_parameter,classix,candidate_id,classix_r1.50_m10_distance,,compact,rich,11719,1.0,1.0,-0.0,
fixed_classix_parameter,classix,candidate_id,classix_r1.50_m1_density,,compact,rich,11719,-0.0016530823292273485,0.0001780249963565964,0.040491511583271814,
fixed_classix_parameter,classix,candidate_id,classix_r1.50_m1_distance,,compact,rich,11719,0.35240121300434224,0.35017010763680106,0.008808642630853902,
fixed_classix_parameter,classix,candidate_id,classix_r1.50_m5_density,,compact,rich,11719,-0.0016504917101279155,0.00022079635201948557,0.03264634023112893,
fixed_classix_parameter,classix,candidate_id,classix_r1.50_m5_distance,,compact,rich,11719,0.0,0.0,0.005031086702361568,
fixed_classix_parameter,classix,candidate_id,classix_r1.55_m10_density,,compact,rich,11719,-0.001226862090317163,0.0001618906387568987,0.029196906571169145,
fixed_classix_parameter,classix,candidate_id,classix_r1.55_m10_distance,,compact,rich,11719,1.0,1.0,-0.0,
fixed_classix_parameter,classix,candidate_id,classix_r1.55_m1_density,,compact,rich,11719,-0.0012282563125482525,0.00013513550838435402,0.03497846269387252,
fixed_classix_parameter,classix,candidate_id,classix_r1.55_m1_distance,,compact,rich,11719,0.545162454898493,0.5217795401241566,0.004350109055722409,
fixed_classix_parameter,classix,candidate_id,classix_r1.55_m5_density,,compact,rich,11719,-0.001226862090317163,0.0001618906387568987,0.029196906571169145,
fixed_classix_parameter,classix,candidate_id,classix_r1.55_m5_distance,,compact,rich,11719,1.0,1.0,-0.0,
fixed_classix_parameter,classix,candidate_id,classix_r1.60_m10_density,,compact,rich,11719,-0.0010973607188545685,0.00014292171509898752,0.02694344971564575,
fixed_classix_parameter,classix,candidate_id,classix_r1.60_m10_distance,,compact,rich,11719,1.0,1.0,-0.0,
fixed_classix_parameter,classix,candidate_id,classix_r1.60_m1_density,,compact,rich,11719,-0.0010983761877322422,0.00012213297906646278,0.03153025610499993,
fixed_classix_parameter,classix,candidate_id,classix_r1.60_m1_distance,,compact,rich,11719,0.545162454898493,0.5217795401241566,0.004350109055722409,
fixed_classix_parameter,classix,candidate_id,classix_r1.60_m5_density,,compact,rich,11719,-0.0010973607188545685,0.00014292171509898752,0.02694344971564575,
fixed_classix_parameter,classix,candidate_id,classix_r1.60_m5_distance,,compact,rich,11719,1.0,1.0,-0.0,
fixed_classix_parameter,classix,candidate_id,classix_r1.65_m10_density,,compact,rich,11719,-0.000845327497048157,0.00010868325222345634,0.015959932300002096,
fixed_classix_parameter,classix,candidate_id,classix_r1.65_m10_distance,,compact,rich,11719,1.0,1.0,-0.0,
fixed_classix_parameter,classix,candidate_id,classix_r1.65_m1_density,,compact,rich,11719,-0.0008463337313993103,8.690465300258986e-05,0.019959979914441452,
fixed_classix_parameter,classix,candidate_id,classix_r1.65_m1_distance,,compact,rich,11719,0.545162454898493,0.5217795401241566,0.004350109055722409,
fixed_classix_parameter,classix,candidate_id,classix_r1.65_m5_density,,compact,rich,11719,-0.000845327497048157,0.00010868325222345634,0.015959932300002096,
fixed_classix_parameter,classix,candidate_id,classix_r1.65_m5_distance,,compact,rich,11719,1.0,1.0,-0.0,
fixed_classix_parameter,classix,candidate_id,classix_r1.70_m10_density,,compact,rich,11719,-0.0008137980923336759,0.00010316404485819934,0.014834500616690649,
fixed_classix_parameter,classix,candidate_id,classix_r1.70_m10_distance,,compact,rich,11719,1.0,1.0,-0.0,
fixed_classix_parameter,classix,candidate_id,classix_r1.70_m1_density,,compact,rich,11719,-0.0008146815707794135,8.358772366655275e-05,0.018309112658871057,
fixed_classix_parameter,classix,candidate_id,classix_r1.70_m1_distance,,compact,rich,11719,0.545162454898493,0.5217795401241566,0.004350109055722409,
fixed_classix_parameter,classix,candidate_id,classix_r1.70_m5_density,,compact,rich,11719,-0.0008137980923336759,0.00010316404485819934,0.014834500616690649,
fixed_classix_parameter,classix,candidate_id,classix_r1.70_m5_distance,,compact,rich,11719,1.0,1.0,-0.0,
fixed_classix_parameter,classix,candidate_id,classix_r1.75_m10_density,,compact,rich,11719,-0.0005384428968393766,6.7942774662396e-05,0.012870031811138952,
fixed_classix_parameter,classix,candidate_id,classix_r1.75_m10_distance,,compact,rich,11719,1.0,1.0,-0.0,
fixed_classix_parameter,classix,candidate_id,classix_r1.75_m1_density,,compact,rich,11719,-0.0005389201011777669,5.4869296944339356e-05,0.01593672878096649,
fixed_classix_parameter,classix,candidate_id,classix_r1.75_m1_distance,,compact,rich,11719,-0.0003200063108842941,3.330850197579536e-05,0.006560226696314027,
fixed_classix_parameter,classix,candidate_id,classix_r1.75_m5_density,,compact,rich,11719,-0.0005384428968393766,6.7942774662396e-05,0.012870031811138952,
fixed_classix_parameter,classix,candidate_id,classix_r1.75_m5_distance,,compact,rich,11719,1.0,1.0,-0.0,
independent_deployment_selection,kmeans,independent_candidate_ids,"{""compact"":""kmeans_k04"",""rich"":""kmeans_k04""}",,compact,rich,11719,0.01397446272936289,0.08938623390274329,1.6908046658510987,independent_deployment_selection
independent_deployment_selection,classix,independent_candidate_ids,"{""compact"":""classix_r0.95_m10_distance"",""rich"":""classix_r0.75_m10_density""}",,compact,rich,11719,0.06812498255765208,0.05379379378223412,0.6929013186210116,independent_deployment_selection
